user_id,run_id,weather,map_name,hr_baseline,arousal_baseline,timestamp,x,y,z,speed_kmh,steer_angle_deg,throttle,brake,hand_brake,reverse,gear,model_pred,model_prob,model_timestamp,emotion_label,emotion_prob,emotion_timestamp,arousal,arousal_timestamp_ms,hr_bpm,error_types,error_details,details
participant_03,1,day,Town10HD,,,2026-03-04T14:51:31.788141,-15.14819049835205,69.71400451660156,0.580491840839386,30.258,0.176,0.486,0.0,0,0,1,None,1.0,199452.437,None,,199452.437,,1772635891787,69,,,
participant_03,1,day,Town10HD,,,2026-03-04T14:51:36.847718,-6.624309062957764,69.7664794921875,0.00167675013653934,36.933,1.29,0.464,0.0,0,0,1,None,1.0,199457.5,None,,199457.5,,1772635896768,69,,,
participant_03,1,day,Town10HD,,,2026-03-04T14:51:41.903320,13.088193893432617,70.13903045654297,0.0017076873918995261,40.327,-10.865,0.563,0.12,0,0,1,pick_floor,0.986,199462.562,None,,199462.562,,1772635901853,63,Solid line crossing,Solid,errors=Solid line crossing
participant_03,1,day,Town10HD,,,2026-03-04T14:51:44.090547,23.3409366607666,70.9440689086914,0.0016350173391401768,40.915,-10.668,0.06,0.517,0,0,1,None,0.992,199464.75,None,,199464.75,,1772635903743,62,Harsh braking,decel_mps2=3.513,errors=Harsh braking
participant_03,1,day,Town10HD,,,2026-03-04T14:51:44.816831,27.179140090942383,70.58778381347656,0.002223320072516799,35.754,-2.353,0.0,0.832,0,0,1,None,0.9,199465.468,None,,199465.468,,1772635903743,62,Stop sign violation,stop_sign_id=1067,errors=Stop sign violation
participant_03,1,day,Town10HD,,,2026-03-04T14:51:45.786972,31.12322425842285,70.0466537475586,0.0020788193214684725,27.545,0.646,0.579,0.0,0,0,1,None,1.0,199466.437,None,,199466.437,,1772635904824,63,,,
participant_03,1,day,Town10HD,,,2026-03-04T14:51:46.834872,35.35496139526367,69.09871673583984,0.001550216693431139,34.228,-20.053,0.6,0.0,0,0,1,None,1.0,199467.484,None,,199467.484,,1772635906758,66,,,
participant_03,1,day,Town10HD,,,2026-03-04T14:51:47.809840,39.332828521728516,66.37154388427734,0.0016752242809161544,38.701,-10.643,0.892,0.0,0,0,1,None,1.0,199468.468,None,,199468.468,,1772635907749,66,,,distraction_start=window_1
participant_03,1,day,Town10HD,,,2026-03-04T14:51:48.830643,43.0379524230957,61.605960845947266,0.0017601775471121073,42.563,-13.431,0.328,0.0,0,0,1,None,1.0,199469.484,None,,199469.484,,1772635908738,67,,,
participant_03,1,day,Town10HD,,,2026-03-04T14:51:49.821022,44.88437271118164,55.927127838134766,0.001987304538488388,39.367,-11.668,0.269,0.0,0,0,1,pick_floor,0.997,199470.468,None,,199470.468,,1772635909819,67,,,
participant_03,1,day,Town10HD,,,2026-03-04T14:51:50.791154,44.85054397583008,50.77504348754883,0.0019879532046616077,36.237,-5.754,0.263,0.0,0,0,1,pick_floor,0.994,199471.437,None,,199471.437,,1772635909819,67,,,
participant_03,1,day,Town10HD,70,0.5,2026-03-04T14:51:51.815549,43.96523666381836,45.74056625366211,0.0018983840709552169,34.92,0.728,0.909,0.0,0,0,1,None,1.0,199472.468,None,,199472.468,0.5,1772635910853,70,,,
participant_03,1,day,Town10HD,70,0.5,2026-03-04T14:51:52.810871,43.06410598754883,40.110721588134766,0.0014413452008739114,44.481,6.111,1.0,0.0,0,0,1,pick_floor,0.969,199473.468,None,,199473.468,0.5,1772635911933,71,,,
participant_03,1,day,Town10HD,70,0.5,2026-03-04T14:51:53.793367,43.155399322509766,32.88880157470703,0.0016997909406200051,51.172,6.751,0.0,0.117,0,0,1,pick_floor,0.947,199474.453,None,,199474.453,0.5,1772635913779,74,,,
participant_03,1,day,Town10HD,70,0.5,2026-03-04T14:51:54.812982,45.01254653930664,25.42527198791504,0.0016524887178093195,52.17,6.514,0.0,0.199,0,0,1,pick_floor,0.925,199475.468,None,,199475.468,0.5,1772635914770,75,Collision,static.static,distraction_finish=window_1; errors=Collision
participant_03,1,day,Town10HD,70,0.5,2026-03-04T14:51:55.820497,45.7940673828125,24.61135482788086,-0.005435218568891287,0.173,3.507,0.0,0.745,0,0,1,None,0.862,199476.468,None,,199476.468,0.5,1772635915759,77,,,
participant_03,1,day,Town10HD,70,0.5,2026-03-04T14:51:56.826697,45.79336166381836,24.61467933654785,0.0016107559204101562,1.314,-3.28,1.0,0.0,0,1,-1,phone_call,0.833,199477.484,None,,199477.484,0.5,1772635916748,77,,,
participant_03,1,day,Town10HD,70,0.5,2026-03-04T14:51:57.829881,45.635520935058594,25.63421058654785,0.0022056959569454193,13.563,-17.483,1.0,0.0,0,1,-1,None,1.0,199478.484,None,,199478.484,0.5,1772635917783,77,,,
participant_03,1,day,Town10HD,70,0.5,2026-03-04T14:51:58.783422,44.92709732055664,28.106708526611328,0.00207767472602427,19.317,-11.098,0.278,0.0,0,1,-1,phone_call,0.875,199479.437,None,,199479.437,0.5,1772635918774,76,,,
participant_03,1,day,Town10HD,70,0.5,2026-03-04T14:51:59.842634,43.797203063964844,30.116910934448242,0.0005998611450195312,0.751,4.183,0.567,0.0,0,0,1,None,1.0,199480.5,None,,199480.5,0.5,1772635918774,76,,,distraction_start=window_2
participant_03,1,day,Town10HD,70,0.5,2026-03-04T14:52:00.839357,44.220176696777344,29.642601013183594,0.0011750411940738559,11.721,27.151,1.0,0.0,0,0,1,None,1.0,199481.5,None,,199481.5,0.5,1772635920753,78,,,
participant_03,1,day,Town10HD,70,0.5,2026-03-04T14:52:01.841556,46.225242614746094,28.203222274780273,0.0015629958361387253,23.028,22.624,0.854,0.0,0,0,1,phone_call,0.871,199482.5,None,,199482.5,0.5,1772635921743,79,,,
participant_03,1,day,Town10HD,70,0.5,2026-03-04T14:52:02.833573,49.63446807861328,26.84981346130371,0.001796302734874189,26.322,11.214,0.647,0.0,0,0,1,pick_floor,0.963,199483.484,None,,199483.484,0.5,1772635921743,79,,,
participant_03,1,day,Town10HD,70,0.5,2026-03-04T14:52:03.800341,53.47765350341797,26.154348373413086,0.0015960311284288764,32.417,10.511,0.682,0.0,0,0,1,pick_floor,0.957,199484.453,None,,199484.453,0.5,1772635922870,81,,,
participant_03,1,day,Town10HD,70,0.5,2026-03-04T14:52:04.799248,58.5332145690918,26.338653564453125,0.00165386195294559,37.589,10.214,0.644,0.0,0,0,1,pick_floor,0.99,199485.453,None,,199485.453,0.5,1772635924758,83,,,
participant_03,1,day,Town10HD,70,0.5,2026-03-04T14:52:05.808492,64.00945281982422,27.953702926635742,0.001727523747831583,40.957,9.397,0.491,0.0,0,0,1,pick_floor,0.998,199486.468,None,,199486.468,0.5,1772635924758,83,Solid line crossing,Solid,errors=Solid line crossing
participant_03,1,day,Town10HD,70,0.5,2026-03-04T14:52:06.796013,68.89175415039062,30.7286376953125,0.0018187331734225154,41.59,-1.123,0.431,0.0,0,0,1,pick_floor,0.979,199487.453,None,,199487.453,0.5,1772635926738,85,,,
participant_03,1,day,Town10HD,70,0.5,2026-03-04T14:52:07.833236,71.1234130859375,31.656967163085938,0.02496086061000824,0.13,-1.363,0.467,0.0,0,0,1,pick_floor,0.986,199488.484,None,,199488.484,0.5,1772635927819,87,,,distraction_finish=window_2
participant_03,1,day,Town10HD,70,0.5,2026-03-04T14:52:08.799042,71.13133239746094,31.649658203125,0.03358718752861023,0.052,-0.395,0.398,0.0,0,1,-1,phone_call,0.855,199489.453,None,,199489.453,0.5,1772635928763,87,,,
participant_03,1,day,Town10HD,70,0.5,2026-03-04T14:52:09.781376,70.91961669921875,31.413272857666016,0.036621056497097015,7.66,18.387,1.0,0.0,0,1,-1,None,1.0,199490.437,None,,199490.437,0.5,1772635928763,87,Solid line crossing,Solid,errors=Solid line crossing
participant_03,1,day,Town10HD,70,0.5,2026-03-04T14:52:10.827225,69.36819458007812,29.92839241027832,0.0024063109885901213,19.038,18.624,0.515,0.0,0,1,-1,None,1.0,199491.484,None,,199491.484,0.5,1772635929843,85,,,
participant_03,1,day,Town10HD,70,0.5,2026-03-04T14:52:11.793301,67.53496551513672,28.76765251159668,0.0013650894397869706,10.78,16.173,0.0,0.0,0,1,-1,None,1.0,199492.453,None,,199492.453,0.5,1772635930924,84,,,
participant_03,1,day,Town10HD,70,0.5,2026-03-04T14:52:12.826649,67.3543701171875,28.647340774536133,0.0011923599522560835,5.309,-12.243,1.0,0.0,0,0,1,phone_call,0.86,199493.484,None,,199493.484,0.5,1772635932048,83,,,distraction_start=window_1
participant_03,1,day,Town10HD,70,0.5,2026-03-04T14:52:13.788814,68.77672576904297,28.78120231628418,0.001198997488245368,17.927,-15.302,1.0,0.0,0,0,1,None,1.0,199494.437,None,,199494.437,0.5,1772635933758,80,,,
participant_03,1,day,Town10HD,70,0.5,2026-03-04T14:52:14.815027,71.72554779052734,28.99972915649414,0.0014505767030641437,27.108,-0.879,0.863,0.0,0,0,1,None,1.0,199495.468,None,,199495.468,0.5,1772635934748,80,Solid line crossing,Solid,errors=Solid line crossing
participant_03,1,day,Town10HD,70,0.5,2026-03-04T14:52:15.826193,76.38780212402344,29.268720626831055,0.0013614654308184981,38.847,-1.93,1.0,0.0,0,0,1,None,1.0,199496.484,None,,199496.484,0.5,1772635934748,80,,,
participant_03,1,day,Town10HD,70,0.5,2026-03-04T14:52:16.840323,82.84577178955078,29.321889877319336,0.0013565063709393144,51.098,-1.92,0.984,0.0,0,0,1,pick_floor,0.993,199497.5,None,,199497.5,0.5,1772635936774,79,Red light violation,traffic_light_id=106,errors=Red light violation
participant_03,1,day,Town10HD,70,0.5,2026-03-04T14:52:17.829292,90.26124572753906,28.902318954467773,0.002033882075920701,47.999,-4.924,0.901,0.0,0,0,1,pick_floor,0.992,199498.484,None,,199498.484,0.5,1772635936774,79,,,
participant_03,1,day,Town10HD,70,0.5,2026-03-04T14:52:18.783845,97.3280029296875,27.264694213867188,0.0021166992373764515,49.974,-12.556,0.0,0.0,0,0,1,pick_floor,0.996,199499.437,None,,199499.437,0.5,1772635938034,81,,,
participant_03,1,day,Town10HD,70,0.5,2026-03-04T14:52:19.798588,103.62036895751953,23.05406379699707,0.0016923904186114669,51.274,-12.187,0.0,0.0,0,0,1,pick_floor,0.993,199500.453,None,,199500.453,0.5,1772635939788,83,,,
participant_03,1,day,Town10HD,70,0.5,2026-03-04T14:52:20.793980,107.4942626953125,16.99332046508789,0.0018416213570162654,49.898,-11.6,0.866,0.0,0,0,1,pick_floor,0.986,199501.453,None,,199501.453,0.5,1772635939788,83,,,distraction_finish=window_1
participant_03,1,day,Town10HD,70,0.5,2026-03-04T14:52:21.790466,108.82730102539062,9.842843055725098,0.0019989013671875,48.346,-6.957,0.855,0.0,0,0,1,pick_floor,0.851,199502.437,None,,199502.437,0.5,1772635941768,81,,,
participant_03,1,day,Town10HD,70,0.5,2026-03-04T14:52:22.800720,108.30052185058594,3.0541841983795166,0.001829070970416069,50.322,0.926,1.0,0.0,0,0,1,phone_call,0.886,199503.453,None,,199503.453,0.5,1772635942759,80,,,
participant_03,1,day,Town10HD,70,0.5,2026-03-04T14:52:23.844513,107.53012084960938,-4.736906051635742,0.0017573165241628885,51.494,1.443,0.0,0.149,0,0,1,None,0.873,199504.5,None,,199504.5,0.5,1772635943750,80,,,
participant_03,1,day,Town10HD,70,0.5,2026-03-04T14:52:24.810941,107.0846939086914,-12.48212718963623,0.0017255401471629739,51.207,-0.19,0.0,0.121,0,0,1,None,1.0,199505.468,None,,199505.468,0.5,1772635943750,80,,,
participant_03,1,day,Town10HD,70,0.5,2026-03-04T14:52:25.823058,106.63945007324219,-20.125537872314453,0.0018811034969985485,48.437,-1.116,0.517,0.0,0,0,1,None,0.811,199506.484,None,,199506.484,0.5,1772635945774,82,,,
participant_03,1,day,Town10HD,70,0.5,2026-03-04T14:52:26.777894,105.93792724609375,-27.69334602355957,0.0017511749174445868,50.133,-2.534,0.791,0.0,0,0,1,None,0.861,199507.437,None,,199507.437,0.5,1772635946763,82,,,distraction_start=window_2
participant_03,1,day,Town10HD,70,0.5,2026-03-04T14:52:27.787352,104.45834350585938,-35.280296325683594,0.0018716430058702826,49.094,-5.638,0.698,0.0,0,0,1,None,0.849,199508.437,None,,199508.437,0.5,1772635947753,83,,,
participant_03,1,day,Town10HD,70,0.5,2026-03-04T14:52:28.800483,101.48207092285156,-42.662532806396484,0.0021255111787468195,43.719,-5.659,0.029,0.0,0,0,1,pick_floor,0.992,199509.453,None,,199509.453,0.5,1772635947753,83,,,
participant_03,1,day,Town10HD,70,0.5,2026-03-04T14:52:29.797534,98.08592224121094,-47.809471130371094,0.00216083531267941,34.951,-4.549,0.002,0.0,0,0,1,pick_floor,0.975,199510.453,None,,199510.453,0.5,1772635948836,85,,,
participant_03,1,day,Town10HD,70,0.5,2026-03-04T14:52:30.830883,94.84578704833984,-51.51366424560547,0.0021052551455795765,27.807,-5.293,0.011,0.0,0,0,1,pick_floor,0.995,199511.484,None,,199511.484,0.5,1772635950770,89,,,distraction_finish=window_2
participant_03,1,day,Town10HD,70,0.5,2026-03-04T14:52:31.796459,91.91690063476562,-54.14999008178711,0.0019544600509107113,23.988,-5.484,0.982,0.0,0,0,1,None,1.0,199512.453,None,,199512.453,0.5,1772635951759,89,,,
participant_03,1,day,Town10HD,70,0.5,2026-03-04T14:52:32.783888,88.23220825195312,-56.96548843383789,0.0013533019227907062,37.551,-1.152,0.996,0.0,0,0,1,None,1.0,199513.437,None,,199513.437,0.5,1772635952749,90,,,
participant_03,1,day,Town10HD,70,0.5,2026-03-04T14:52:33.830527,82.63377380371094,-60.6756706237793,0.0014104843139648438,49.606,-4.558,0.94,0.0,0,0,1,None,1.0,199514.484,None,,199514.484,0.5,1772635953784,90,,,
participant_03,1,day,Town10HD,70,0.5,2026-03-04T14:52:34.789375,75.91820526123047,-63.76007843017578,0.0020011519081890583,48.14,-4.69,0.916,0.0,0,0,1,None,1.0,199515.437,None,,199515.437,0.5,1772635954774,90,,,
participant_03,1,day,Town10HD,70,0.5,2026-03-04T14:52:35.782751,68.4258804321289,-65.7707748413086,0.0018348312005400658,49.858,-4.593,0.87,0.0,0,0,1,None,1.0,199516.437,None,,199516.437,0.5,1772635955763,91,,,distraction_start=window_1
participant_03,1,day,Town10HD,70,0.5,2026-03-04T14:52:36.842902,60.70619583129883,-66.52357482910156,0.0017724608769640326,50.433,-2.381,0.0,0.0,0,0,1,None,1.0,199517.5,None,,199517.5,0.5,1772635956753,90,,,
participant_03,1,day,Town10HD,70,0.5,2026-03-04T14:52:37.847817,53.41704559326172,-66.52796936035156,0.0017200851580128074,51.229,-0.355,0.0,0.143,0,0,1,reach_back,0.861,199518.5,None,,199518.5,0.5,1772635957789,87,,,
participant_03,1,day,Town10HD,70,0.5,2026-03-04T14:52:38.830430,46.13962936401367,-66.36172485351562,0.001749763498082757,51.221,-1.055,0.0,0.122,0,0,1,pick_floor,0.95,199519.484,None,,199519.484,0.5,1772635958824,83,,,
participant_03,1,day,Town10HD,70,0.5,2026-03-04T14:52:39.822343,38.888633728027344,-65.94837188720703,0.0018158339662477374,50.289,-4.053,0.802,0.0,0,0,1,pick_floor,0.991,199520.468,None,,199520.468,0.5,1772635959768,81,,,
participant_03,1,day,Town10HD,70,0.5,2026-03-04T14:52:40.826585,31.7091121673584,-64.76354217529297,0.0019204712007194757,49.166,-0.291,0.804,0.0,0,0,1,pick_floor,0.994,199521.484,None,,199521.484,0.5,1772635959768,81,Solid line crossing,SolidSolid,errors=Solid line crossing
participant_03,1,day,Town10HD,70,0.5,2026-03-04T14:52:41.779704,25.0632266998291,-63.17360305786133,0.001945228548720479,48.775,2.588,0.804,0.0,0,0,1,pick_floor,0.961,199522.437,None,,199522.437,0.5,1772635961029,81,,,distraction_finish=window_1
participant_03,1,day,Town10HD,70,0.5,2026-03-04T14:52:42.805153,17.380273818969727,-61.98885726928711,0.0018823622958734632,49.243,8.196,0.805,0.0,0,0,1,None,1.0,199523.453,None,,199523.453,0.5,1772635962783,82,,,
participant_03,1,day,Town10HD,70,0.5,2026-03-04T14:52:43.827665,10.514508247375488,-62.45323181152344,0.002135658171027899,43.228,5.449,0.266,0.0,0,0,1,None,1.0,199524.484,None,,199524.484,0.5,1772635963819,83,,,
participant_03,1,day,Town10HD,70,0.5,2026-03-04T14:52:44.797597,3.9415783882141113,-64.15767669677734,0.0016345977783203125,47.272,-2.024,0.855,0.0,0,0,1,None,1.0,199525.453,None,,199525.453,0.5,1772635964764,83,Solid line crossing,SolidSolid,errors=Solid line crossing
participant_03,1,day,Town10HD,70,0.5,2026-03-04T14:52:45.790693,-3.5813636779785156,-65.67424011230469,0.0019619751255959272,47.18,-2.682,0.0,0.039,0,0,1,None,1.0,199526.437,None,,199526.437,0.5,1772635965754,83,,,
participant_03,1,day,Town10HD,70,0.5,2026-03-04T14:52:46.825046,-10.436453819274902,-66.36690521240234,0.0022411346435546875,34.563,-2.153,0.0,0.329,0,0,1,None,1.0,199527.484,None,,199527.484,0.5,1772635965754,83,,,distraction_start=window_2
participant_03,1,day,Town10HD,70,0.5,2026-03-04T14:52:47.829103,-15.002673149108887,-66.55705261230469,0.002170295687392354,26.783,1.062,0.0,0.317,0,0,1,None,1.0,199528.484,None,,199528.484,0.5,1772635967824,83,,,
participant_03,1,day,Town10HD,70,0.5,2026-03-04T14:52:48.790402,-18.677453994750977,-66.73979187011719,0.001987724332138896,21.969,-0.806,0.66,0.0,0,0,1,None,1.0,199529.437,None,,199529.437,0.5,1772635968769,81,,,
participant_03,1,day,Town10HD,70,0.5,2026-03-04T14:52:49.812725,-22.280786514282227,-66.83379364013672,0.0017978285904973745,23.989,-1.777,0.36,0.0,0,0,1,pick_floor,0.993,199530.468,None,,199530.468,0.5,1772635969759,78,,,
participant_03,1,day,Town10HD,70,0.5,2026-03-04T14:52:50.794488,-26.004257202148438,-66.7890396118164,0.0018577956361696124,23.7,-2.553,0.293,0.0,0,0,1,pick_floor,0.973,199531.453,None,,199531.453,0.5,1772635970748,77,,,
participant_03,1,day,Town10HD,70,0.5,2026-03-04T14:52:51.823965,-29.610023498535156,-66.56719207763672,0.001883659278973937,22.633,-3.149,0.269,0.0,0,0,1,pick_floor,0.986,199532.484,None,,199532.484,0.5,1772635970748,77,Red light violation,traffic_light_id=92,distraction_finish=window_2; errors=Red light violation
participant_03,1,day,Town10HD,70,0.5,2026-03-04T14:52:52.783450,-32.608558654785156,-66.21166229248047,0.0018675231840461493,22.014,-2.824,0.636,0.0,0,0,1,phone_call,0.894,199533.437,None,,199533.437,0.5,1772635972774,75,,,
participant_03,1,day,Town10HD,70,0.5,2026-03-04T14:52:53.813510,-36.520450592041016,-65.7476806640625,0.001393394428305328,32.451,3.912,0.976,0.0,0,0,1,None,1.0,199534.468,None,,199534.468,0.5,1772635972774,75,Harsh braking,decel_mps2=90.850,errors=Harsh braking
participant_03,1,day,Town10HD,70,0.5,2026-03-04T14:52:54.785881,-41.8928108215332,-65.5220718383789,0.0017434691544622183,36.339,1.21,0.998,0.0,0,0,1,None,1.0,199535.437,None,,199535.437,0.5,1772635974754,78,,,
participant_03,1,day,Town10HD,70,0.5,2026-03-04T14:52:55.826172,-48.82062911987305,-65.54048919677734,0.001434326171875,48.444,0.461,0.872,0.0,0,0,1,None,1.0,199536.484,None,,199536.484,0.5,1772635975789,78,,,
participant_03,1,day,Town10HD,70,0.5,2026-03-04T14:52:56.784067,-56.64656448364258,-65.68671417236328,0.001970176585018635,48.354,-0.146,0.805,0.0,0,0,1,None,1.0,199537.437,None,,199537.437,0.5,1772635976781,78,,,distraction_start=window_1
participant_03,1,day,Town10HD,70,0.5,2026-03-04T14:52:57.818534,-64.864990234375,-65.76333618164062,0.0018401335692033172,49.625,-2.16,0.72,0.0,0,0,1,None,1.0,199538.468,None,,199538.468,0.5,1772635977769,77,,,
participant_03,1,day,Town10HD,70,0.5,2026-03-04T14:52:58.805956,-73.0859146118164,-65.18817901611328,0.0017908859299495816,50.608,-3.839,0.0,0.0,0,0,1,None,1.0,199539.453,None,,199539.453,0.5,1772635977769,77,,,
participant_03,1,day,Town10HD,70,0.5,2026-03-04T14:52:59.790886,-80.53203582763672,-63.46668243408203,0.0017906188732013106,50.083,-7.694,0.65,0.0,0,0,1,pick_floor,0.99,199540.437,None,,199540.437,0.5,1772635978894,77,Solid line crossing,SolidSolid,distraction_finish=window_1; errors=Solid line crossing
participant_03,1,day,Town10HD,70,0.5,2026-03-04T14:53:00.832026,-87.39743041992188,-59.94872283935547,0.0019165801350027323,48.86,-4.704,0.622,0.0,0,0,1,pick_floor,0.917,199541.484,None,,199541.484,0.5,1772635980784,77,Harsh braking,decel_mps2=5.179,errors=Harsh braking
participant_03,1,day,Town10HD,70,0.5,2026-03-04T14:53:01.815739,-93.70957946777344,-55.62690353393555,0.0020164106972515583,46.055,3.073,0.0,0.882,0,0,1,None,1.0,199542.468,None,,199542.468,0.5,1772635980784,77,,,
participant_03,1,day,Town10HD,70,0.5,2026-03-04T14:53:02.826454,-99.38619232177734,-51.89157485961914,0.0018192291026934981,44.584,-10.985,0.861,0.0,0,0,1,None,1.0,199543.484,None,,199543.484,0.5,1772635982763,77,,,
participant_03,1,day,Town10HD,70,0.5,2026-03-04T14:53:03.814602,-104.0890884399414,-46.32240676879883,0.0016628646990284324,49.708,-3.182,0.599,0.0,0,0,1,None,1.0,199544.468,None,,199544.468,0.5,1772635983753,77,,,
participant_03,1,day,Town10HD,70,0.5,2026-03-04T14:53:04.811509,-107.66526794433594,-39.98271942138672,0.0019153975881636143,48.818,-7.951,0.421,0.0,0,0,1,None,1.0,199545.468,None,,199545.468,0.5,1772635984789,76,,,distraction_start=window_2
participant_03,1,day,Town10HD,70,0.5,2026-03-04T14:53:05.819383,-109.55917358398438,-33.28049850463867,0.0019200897077098489,46.876,-5.489,0.42,0.0,0,0,1,None,1.0,199546.468,None,,199546.468,0.5,1772635984789,76,,,
participant_03,1,day,Town10HD,70,0.5,2026-03-04T14:53:06.790842,-110.21256256103516,-26.565216064453125,0.0018880843417719007,46.012,-0.646,0.96,0.0,0,0,1,reach_back,0.96,199547.437,None,,199547.437,0.5,1772635986769,73,,,
participant_03,1,day,Town10HD,70,0.5,2026-03-04T14:53:07.841057,-110.56282043457031,-19.46890640258789,0.0016889572143554688,50.402,0.371,0.0,0.0,0,0,1,pick_floor,0.987,199548.5,None,,199548.5,0.5,1772635987759,70,,,
participant_03,1,day,Town10HD,70,0.5,2026-03-04T14:53:08.834597,-110.97127532958984,-11.846117973327637,0.0018669128185138106,48.589,0.538,0.463,0.0,0,0,1,pick_floor,0.998,199549.484,None,,199549.484,0.5,1772635988750,72,,,
participant_03,1,day,Town10HD,70,0.5,2026-03-04T14:53:09.825559,-111.5107421875,-4.42615270614624,0.001958389300853014,45.992,1.396,0.289,0.0,0,0,1,pick_floor,0.971,199550.484,None,,199550.484,0.5,1772635988750,72,Red light violation,traffic_light_id=101,errors=Red light violation
participant_03,1,day,Town10HD,70,0.5,2026-03-04T14:53:10.822723,-112.29182434082031,2.4007651805877686,0.0019866942893713713,41.978,1.521,0.236,0.0,0,0,1,pick_floor,0.864,199551.468,None,,199551.468,0.5,1772635990774,77,Harsh braking,decel_mps2=65.847,distraction_finish=window_2; errors=Harsh braking
participant_03,1,day,Town10HD,70,0.5,2026-03-04T14:53:11.799236,-113.16561126708984,8.062644004821777,0.0022012328263372183,33.951,-10.651,0.0,0.432,0,0,1,None,1.0,199552.453,None,,199552.453,0.5,1772635991764,77,,,
participant_03,1,day,Town10HD,70,0.5,2026-03-04T14:53:12.785774,-112.67671966552734,12.877372741699219,0.0016618346562609076,37.646,-20.687,1.0,0.0,0,0,1,None,1.0,199553.437,None,,199553.437,0.5,1772635992754,77,,,
participant_03,1,day,Town10HD,70,0.5,2026-03-04T14:53:13.800568,-109.7579345703125,17.538822174072266,0.0016918182373046875,42.933,-7.91,0.552,0.0,0,0,1,None,1.0,199554.453,None,,199554.453,0.5,1772635992754,77,,,
participant_03,1,day,Town10HD,70,0.5,2026-03-04T14:53:14.781808,-105.63935089111328,21.118871688842773,0.0018545532366260886,43.068,-11.66,0.295,0.0,0,0,1,None,1.0,199555.437,None,,199555.437,0.5,1772635994780,75,,,
participant_03,1,day,Town10HD,70,0.5,2026-03-04T14:53:15.829596,-100.20114135742188,23.631404876708984,0.0020027922000736,39.124,-7.29,0.239,0.0,0,0,1,None,0.806,199556.484,None,,199556.484,0.5,1772635995769,73,,,distraction_start=window_1
participant_03,1,day,Town10HD,70,0.5,2026-03-04T14:53:16.813227,-95.89289093017578,24.655813217163086,0.001948890625499189,37.208,-0.322,0.578,0.0,0,0,1,None,1.0,199557.468,None,,199557.468,0.5,1772635996760,72,,,
participant_03,1,day,Town10HD,70,0.5,2026-03-04T14:53:17.812406,-91.0946273803711,25.652265548706055,0.001630058279260993,41.976,0.921,0.813,0.0,0,0,1,pick_floor,1.0,199558.468,None,,199558.468,0.5,1772635996760,72,,,
participant_03,1,day,Town10HD,70,0.5,2026-03-04T14:53:18.838575,-85.10017395019531,26.99543571472168,0.001545867882668972,49.108,0.738,0.8,0.0,0,0,1,None,1.0,199559.5,None,,199559.5,0.5,1772635998784,72,Solid line crossing,Solid,errors=Solid line crossing
participant_03,1,day,Town10HD,70,0.5,2026-03-04T14:53:19.786430,-78.93221282958984,28.52320671081543,0.0019030380062758923,48.919,0.489,0.774,0.0,0,0,1,None,1.0,199560.437,None,,199560.437,0.5,1772635998784,72,,,
participant_03,1,day,Town10HD,70,0.5,2026-03-04T14:53:20.798158,-71.88658905029297,30.40188980102539,0.0018387603340670466,49.641,0.209,0.766,0.0,0,0,1,pick_floor,0.926,199561.453,None,,199561.453,0.5,1772635999864,73,Harsh braking,decel_mps2=6.467,distraction_finish=window_1; errors=Harsh braking
participant_03,1,day,Town10HD,70,0.5,2026-03-04T14:53:21.782823,-65.48312377929688,31.733259201049805,0.004117774777114391,45.07,-14.423,0.0,0.949,0,0,1,None,0.965,199562.437,None,,199562.437,0.5,1772636001754,74,,,
participant_03,1,day,Town10HD,70,0.5,2026-03-04T14:53:22.807125,-60.19321823120117,31.049333572387695,0.001548500033095479,37.078,-5.758,0.98,0.0,0,0,1,phone_call,0.808,199563.453,None,,199563.453,0.5,1772636001754,74,,,
participant_03,1,day,Town10HD,70,0.5,2026-03-04T14:53:23.814464,-54.87472915649414,29.460067749023438,0.0014554214430972934,46.256,6.677,0.997,0.0,0,0,1,None,1.0,199564.468,None,,199564.468,0.5,1772636003779,73,,,
participant_03,1,day,Town10HD,70,0.5,2026-03-04T14:53:24.819279,-48.1854133605957,28.21213150024414,0.0017201232258230448,50.487,0.987,0.0,0.103,0,0,1,None,1.0,199565.468,None,,199565.468,0.5,1772636004769,73,,,
participant_03,1,day,Town10HD,70,0.5,2026-03-04T14:53:25.786343,-41.550140380859375,27.419782638549805,0.0018514632247388363,48.917,3.245,0.194,0.0,0,0,1,None,1.0,199566.437,None,,199566.437,0.5,1772636005759,74,,,distraction_start=window_2
participant_03,1,day,Town10HD,70,0.5,2026-03-04T14:53:26.838819,-34.621238708496094,27.170860290527344,0.0018509674118831754,47.611,1.518,0.651,0.0,0,0,1,None,1.0,199567.5,None,,199567.5,0.5,1772636006749,73,,,
participant_03,1,day,Town10HD,70,0.5,2026-03-04T14:53:27.822478,-27.952131271362305,27.316661834716797,0.0017255019629374146,50.518,-0.331,0.439,0.0,0,0,1,None,1.0,199568.468,None,,199568.468,0.5,1772636007783,73,,,
participant_03,1,day,Town10HD,70,0.5,2026-03-04T14:53:28.802902,-20.883092880249023,27.526485443115234,0.002081718295812607,44.632,-0.256,0.05,0.0,0,0,1,pick_floor,0.962,199569.453,None,,199569.453,0.5,1772636008774,74,,,distraction_finish=window_2
participant_03,1,day,Town10HD,70,0.5,2026-03-04T14:53:29.813254,-14.726240158081055,27.64811134338379,0.00207939138635993,42.593,-0.468,0.847,0.0,0,0,1,None,1.0,199570.468,None,,199570.468,0.5,1772636008774,74,,,
participant_03,1,day,Town10HD,70,0.5,2026-03-04T14:53:30.816577,-8.047221183776855,27.75026512145996,0.001548500033095479,49.669,-0.127,0.74,0.0,0,0,1,None,1.0,199571.468,None,,199571.468,0.5,1772636009899,78,,,
participant_03,1,day,Town10HD,70,0.5,2026-03-04T14:53:31.835358,-0.2732296288013458,27.821508407592773,0.0019551466684788465,48.331,0.038,0.587,0.0,0,0,1,None,1.0,199572.484,None,,199572.484,0.5,1772636011790,84,,,
participant_03,1,day,Town10HD,70,0.5,2026-03-04T14:53:32.783135,6.863533973693848,27.845703125,0.0017865371191874146,49.872,-0.078,0.559,0.0,0,0,1,None,1.0,199573.437,None,,199573.437,0.5,1772636011790,84,,,
participant_03,1,day,Town10HD,70,0.5,2026-03-04T14:53:33.779101,14.534343719482422,27.869768142700195,0.0019833373371511698,46.954,0.094,0.082,0.0,0,0,1,None,1.0,199574.437,None,,199574.437,0.5,1772636013769,84,,,distraction_start=window_1
participant_03,1,day,Town10HD,70,0.5,2026-03-04T14:53:34.785047,21.240507125854492,27.922330856323242,0.0021527481731027365,38.419,2.315,0.255,0.0,0,0,1,None,1.0,199575.437,None,,199575.437,0.5,1772636013769,84,,,
participant_03,1,day,Town10HD,70,0.5,2026-03-04T14:53:35.821590,27.13482666015625,28.382081985473633,0.0018064116593450308,38.97,6.879,0.58,0.0,0,0,1,pick_floor,0.992,199576.468,None,,199576.468,0.557,1772636015749,83,,,
participant_03,1,day,Town10HD,70,0.5,2026-03-04T14:53:36.810750,32.79352569580078,29.833541870117188,0.0017583846347406507,41.455,9.193,0.547,0.0,0,0,1,pick_floor,0.985,199577.468,None,,199577.468,0.611,1772636016787,82,,,distraction_finish=window_1
participant_03,1,day,Town10HD,70,0.5,2026-03-04T14:53:37.830061,38.51516342163086,32.99093246459961,0.001804351806640625,42.912,12.292,0.528,0.0,0,0,1,pick_floor,0.998,199578.484,None,,199578.484,0.659,1772636017775,80,,,
participant_03,1,day,Town10HD,70,0.5,2026-03-04T14:53:38.778045,42.3588752746582,37.76686096191406,0.0019492339342832565,41.283,22.826,0.152,0.0,0,0,1,None,1.0,199579.437,None,,199579.437,0.659,1772636017775,80,Harsh braking | Solid line crossing,decel_mps2=28.715 | SolidSolid,errors=Harsh braking | Solid line crossing
participant_03,1,day,Town10HD,70,0.5,2026-03-04T14:53:39.806331,42.91840744018555,43.31470489501953,0.002328147878870368,29.997,13.441,0.0,0.0,0,0,1,None,1.0,199580.453,None,,199580.453,0.705,1772636018989,79,,,
participant_03,1,day,Town10HD,70,0.5,2026-03-04T14:53:40.798095,41.90908432006836,47.1489143371582,0.0020953749772161245,23.979,0.486,0.0,0.0,0,0,1,None,1.0,199581.453,None,,199581.453,0.789,1772636020790,77,,,
participant_03,1,day,Town10HD,70,0.5,2026-03-04T14:53:41.795043,41.04362869262695,50.35580062866211,0.0020643232855945826,18.092,-5.278,0.0,0.24,0,0,1,None,1.0,199582.453,None,,199582.453,0.826,1772636021780,76,,,
participant_03,1,day,Town10HD,70,0.5,2026-03-04T14:53:42.787582,40.60186767578125,52.7657356262207,0.0018932342063635588,12.959,-5.262,0.0,0.259,0,0,1,None,1.0,199583.437,None,,199583.437,0.87,1772636022769,78,Stop sign violation,stop_sign_id=948,distraction_start=window_2; errors=Stop sign violation
participant_03,1,day,Town10HD,70,0.5,2026-03-04T14:53:43.783819,40.40264129638672,54.40715026855469,0.0019157790811732411,7.916,-5.085,0.169,0.0,0,0,1,None,1.0,199584.437,None,,199584.437,0.913,1772636023759,78,,,
participant_03,1,day,Town10HD,70,0.5,2026-03-04T14:53:44.778497,40.336036682128906,55.95073699951172,0.0014819717034697533,13.447,-12.92,0.137,0.0,0,0,1,pick_floor,0.996,199585.437,None,,199585.437,0.913,1772636023759,78,Stop sign violation,stop_sign_id=1062,errors=Stop sign violation
participant_03,1,day,Town10HD,70,0.5,2026-03-04T14:53:45.790198,40.55787658691406,58.22455978393555,0.0015554428100585938,17.247,-13.582,0.467,0.0,0,0,1,pick_floor,0.995,199586.437,None,,199586.437,0.942,1772636025785,78,,,
participant_03,1,day,Town10HD,70,0.5,2026-03-04T14:53:46.830612,41.354461669921875,61.101009368896484,0.0018524168990552425,18.493,-14.22,0.368,0.0,0,0,1,pick_floor,0.987,199587.484,None,,199587.484,0.929,1772636026774,77,,,
participant_03,1,day,Town10HD,70,0.5,2026-03-04T14:53:47.818702,42.592166900634766,63.53367233276367,0.001841812045313418,18.983,-14.464,0.323,0.0,0,0,1,pick_floor,0.989,199588.468,None,,199588.468,0.921,1772636027764,77,,,
participant_03,1,day,Town10HD,70,0.5,2026-03-04T14:53:48.829011,44.56538772583008,65.95697021484375,0.001861152588389814,18.906,-14.227,0.309,0.0,0,0,1,pick_floor,0.997,199589.484,None,,199589.484,0.915,1772636028797,77,,,
participant_03,1,day,Town10HD,70,0.5,2026-03-04T14:53:49.819543,46.87559509277344,67.68657684326172,0.0018919372232630849,18.248,-18.898,0.265,0.0,0,0,1,pick_floor,0.966,199590.468,None,,199590.468,0.913,1772636029789,77,,,distraction_finish=window_2
participant_03,1,day,Town10HD,70,0.5,2026-03-04T14:53:50.836757,49.52513122558594,68.682861328125,0.0018400191329419613,18.946,-4.775,0.872,0.0,0,0,1,phone_call,0.857,199591.484,None,,199591.484,0.913,1772636030780,77,,,
participant_03,1,day,Town10HD,70,0.5,2026-03-04T14:53:51.824308,52.93272018432617,69.73118591308594,0.0015494918916374445,27.434,-5.6,0.607,0.0,0,0,1,None,1.0,199592.484,None,,199592.484,0.91,1772636031769,75,,,
participant_03,1,day,Town10HD,70,0.5,2026-03-04T14:53:52.781449,57.1383056640625,70.62580871582031,0.0016719055129215121,31.858,-5.375,0.582,0.0,0,0,1,None,1.0,199593.437,None,,199593.437,0.897,1772636032760,73,,,
participant_03,1,day,Town10HD,70,0.5,2026-03-04T14:53:53.816175,62.6977424621582,71.09231567382812,0.0017011641757562757,36.072,-4.365,0.584,0.0,0,0,1,None,1.0,199594.468,None,,199594.468,0.878,1772636033795,71,,,
participant_03,1,day,Town10HD,70,0.5,2026-03-04T14:53:54.819539,68.55982208251953,70.945068359375,0.0017132568173110485,39.655,-2.275,0.584,0.0,0,0,1,None,1.0,199595.468,None,,199595.468,0.856,1772636034784,70,,,distraction_start=window_1
participant_03,1,day,Town10HD,70,0.5,2026-03-04T14:53:55.785210,74.93724822998047,70.50579071044922,0.0017283248016610742,42.797,4.025,0.584,0.0,0,0,1,None,1.0,199596.437,None,,199596.437,0.856,1772636034784,70,,,
participant_03,1,day,Town10HD,70,0.5,2026-03-04T14:53:56.779304,81.79476165771484,70.4179458618164,0.0017308807000517845,45.805,2.36,0.658,0.0,0,0,1,reach_back,0.865,199597.437,None,,199597.437,0.835,1772636035909,70,Solid line crossing,Solid,errors=Solid line crossing
participant_03,1,day,Town10HD,70,0.5,2026-03-04T14:53:57.787514,89.19194793701172,71.04352569580078,0.0016602706164121628,50.553,6.395,0.713,0.0,0,0,1,pick_floor,0.997,199598.437,None,,199598.437,0.824,1772636037034,73,,,
participant_03,1,day,Town10HD,70,0.5,2026-03-04T14:53:58.786474,96.38584899902344,73.61089324951172,0.0021728514693677425,48.833,14.017,0.657,0.0,0,0,1,pick_floor,0.958,199599.437,None,,199599.437,0.824,1772636037890,77,,,
participant_03,1,day,Town10HD,70,0.5,2026-03-04T14:53:59.806121,102.11795806884766,80.03895568847656,0.0017963409190997481,50.09,13.55,0.657,0.0,0,0,1,pick_floor,0.989,199600.453,None,,199600.453,0.826,1772636039104,78,,,
participant_03,1,day,Town10HD,70,0.5,2026-03-04T14:54:00.794096,103.76364135742188,87.92435455322266,0.001814346294850111,49.926,13.404,0.657,0.0,0,0,1,pick_floor,0.99,199601.453,None,,199601.453,0.832,1772636039872,79,Solid line crossing,SolidSolid,distraction_finish=window_1; errors=Solid line crossing
participant_03,1,day,Town10HD,70,0.5,2026-03-04T14:54:01.802966,101.39671325683594,95.72306060791016,0.0019235610961914062,48.863,13.477,0.587,0.0,0,0,1,None,1.0,199602.453,None,,199602.453,0.84,1772636040994,80,,,
participant_03,1,day,Town10HD,70,0.5,2026-03-04T14:54:02.794982,97.3127212524414,101.26605987548828,0.002138595562428236,42.602,-17.618,0.0,0.0,0,0,1,None,1.0,199603.453,None,,199603.453,0.853,1772636041806,80,,,
participant_03,1,day,Town10HD,70,0.5,2026-03-04T14:54:03.814903,95.37496185302734,107.15555572509766,0.0021281433291733265,33.826,-4.143,0.44,0.0,0,0,1,None,1.0,199604.468,None,,199604.468,0.897,1772636043784,80,,,
participant_03,1,day,Town10HD,70,0.5,2026-03-04T14:54:04.787282,94.23486328125,112.79644012451172,0.0016621398972347379,38.274,11.547,0.797,0.0,0,0,1,None,1.0,199605.437,None,,199605.437,0.897,1772636043784,80,,,
participant_03,1,day,Town10HD,70,0.5,2026-03-04T14:54:05.779154,91.2897720336914,118.4793701171875,0.001648864708840847,44.329,8.205,0.668,0.0,0,0,1,None,1.0,199606.437,None,,199606.437,0.924,1772636044865,80,,,
participant_03,1,day,Town10HD,70,0.5,2026-03-04T14:54:06.816402,86.10081481933594,123.97827911376953,0.0017564772861078382,47.378,9.337,0.586,0.0,0,0,1,None,1.0,199607.468,None,,199607.468,0.964,1772636046755,78,,,distraction_start=window_2
participant_03,1,day,Town10HD,70,0.5,2026-03-04T14:54:07.780312,80.04393005371094,127.51878356933594,0.0017703246558085084,49.309,5.144,0.583,0.0,0,0,1,None,1.0,199608.437,None,,199608.437,0.964,1772636046755,78,,,
participant_03,1,day,Town10HD,70,0.5,2026-03-04T14:54:08.818838,72.70771789550781,130.03639221191406,0.0018387985182926059,49.665,5.652,0.084,0.0,0,0,1,phone_call,0.916,199609.468,None,,199609.468,0.975,1772636048780,80,,,
participant_03,1,day,Town10HD,70,0.5,2026-03-04T14:54:09.817791,66.04053497314453,130.97341918945312,0.0021665191743522882,41.409,5.685,0.03,0.0,0,0,1,None,1.0,199610.468,None,,199610.468,0.975,1772636048780,80,,,
participant_03,1,day,Town10HD,70,0.5,2026-03-04T14:54:10.799998,60.85783004760742,130.78538513183594,0.0021445846650749445,34.256,5.035,0.032,0.0,0,0,1,None,1.0,199611.453,None,,199611.453,0.98,1772636049860,81,Solid line crossing,Solid,errors=Solid line crossing
participant_03,1,day,Town10HD,70,0.5,2026-03-04T14:54:11.808356,56.32040023803711,130.13377380371094,0.0020865248516201973,28.039,0.002,0.03,0.0,0,0,1,pick_floor,0.993,199612.468,None,,199612.468,0.978,1772636051795,79,,,
participant_03,1,day,Town10HD,70,0.5,2026-03-04T14:54:12.837346,52.62769317626953,129.56114196777344,0.0020489883609116077,22.736,0.303,0.036,0.0,0,0,1,pick_floor,0.96,199613.484,None,,199613.484,0.972,1772636052785,78,,,distraction_finish=window_2
participant_03,1,day,Town10HD,70,0.5,2026-03-04T14:54:13.789305,49.82900619506836,129.11383056640625,0.0020222091116011143,18.475,-1.323,0.266,0.0,0,0,1,pick_floor,0.974,199614.437,None,,199614.437,0.972,1772636053775,80,,,
participant_03,1,day,Town10HD,70,0.5,2026-03-04T14:54:14.831114,47.22422409057617,128.97146606445312,0.0016306304605677724,23.193,-13.309,0.939,0.0,0,0,1,None,0.829,199615.484,None,,199615.484,0.975,1772636054764,81,,,
participant_03,1,day,Town10HD,70,0.5,2026-03-04T14:54:15.818853,43.0450325012207,129.42454528808594,0.0013567733112722635,35.899,-2.791,0.928,0.0,0,0,1,None,1.0,199616.468,None,,199616.468,0.98,1772636055801,82,Solid line crossing,Solid,errors=Solid line crossing
participant_03,1,day,Town10HD,70,0.5,2026-03-04T14:54:16.820372,37.18992614746094,130.3330535888672,0.0014348983531817794,46.253,2.355,0.882,0.0,0,0,1,None,1.0,199617.468,None,,199617.468,0.991,1772636056790,82,,,
participant_03,1,day,Town10HD,70,0.5,2026-03-04T14:54:17.823520,29.974443435668945,131.0509490966797,0.0017122267745435238,50.575,2.003,0.0,0.0,0,0,1,None,0.884,199618.484,None,,199618.484,0.991,1772636056790,82,,,
participant_03,1,day,Town10HD,70,0.5,2026-03-04T14:54:18.796404,22.803346633911133,131.29815673828125,0.0017541121924296021,50.639,0.956,0.71,0.0,0,0,1,None,1.0,199619.453,None,,199619.453,0.996,1772636058008,81,,,distraction_start=window_1
participant_03,1,day,Town10HD,70,0.5,2026-03-04T14:54:19.833537,16.026235580444336,131.29676818847656,0.001964912284165621,47.703,0.536,0.099,0.0,0,0,1,None,1.0,199620.484,None,,199620.484,0.999,1772636058906,81,,,
participant_03,1,day,Town10HD,70,0.5,2026-03-04T14:54:20.824327,9.942197799682617,131.19552612304688,0.0021126174833625555,40.943,-1.116,0.123,0.0,0,0,1,pick_floor,0.999,199621.484,None,,199621.484,0.999,1772636059895,81,,,
participant_03,1,day,Town10HD,70,0.5,2026-03-04T14:54:21.824565,4.385716915130615,131.23104858398438,0.0020845031831413507,34.692,-1.318,0.09,0.0,0,0,1,pick_floor,0.996,199622.484,None,,199622.484,1.0,1772636060840,81,,,
participant_03,1,day,Town10HD,70,0.5,2026-03-04T14:54:22.799437,-0.021732177585363388,131.40798950195312,0.0020557402167469263,29.611,-1.403,0.09,0.0,0,0,1,pick_floor,0.998,199623.453,None,,199623.453,1.0,1772636061834,81,,,
participant_03,1,day,Town10HD,70,0.5,2026-03-04T14:54:23.780926,-4.0179948806762695,131.69471740722656,0.0020264433696866035,24.905,-1.412,0.09,0.0,0,0,1,pick_floor,0.993,199624.437,None,,199624.437,1.0,1772636062916,81,,,
participant_03,1,day,Town10HD,70,0.5,2026-03-04T14:54:24.822113,-7.565037727355957,132.05279541015625,0.0020013046450912952,20.566,-1.309,0.091,0.0,0,0,1,pick_floor,0.988,199625.468,None,,199625.468,1.0,1772636064756,81,,,
participant_03,1,day,Town10HD,70,0.5,2026-03-04T14:54:25.790403,-10.320069313049316,132.3953399658203,0.0017276001162827015,17.707,-0.752,0.093,0.0,0,0,1,pick_floor,0.999,199626.437,None,,199626.437,1.0,1772636065791,81,,,distraction_finish=window_1
participant_03,1,day,Town10HD,70,0.5,2026-03-04T14:54:26.819732,-13.243395805358887,132.67982482910156,0.0017092894995585084,21.44,6.945,0.0,0.0,0,0,1,None,1.0,199627.468,None,,199627.468,1.0,1772636065791,81,,,
participant_03,1,day,Town10HD,70,0.5,2026-03-04T14:54:27.803757,-16.187549591064453,132.66737365722656,0.0019852446857839823,17.884,5.867,0.0,0.0,0,0,1,None,1.0,199628.453,None,,199628.453,1.0,1772636067770,79,,,
participant_03,1,day,Town10HD,70,0.5,2026-03-04T14:54:28.806974,-18.73860740661621,132.4388885498047,0.001844329759478569,14.336,4.509,0.0,0.157,0,0,1,None,1.0,199629.453,None,,199629.453,1.0,1772636068760,80,,,
participant_03,1,day,Town10HD,70,0.5,2026-03-04T14:54:29.806461,-20.67061424255371,132.15899658203125,0.0018554305424913764,10.524,4.457,0.0,0.116,0,0,1,None,1.0,199630.453,None,,199630.453,0.999,1772636069795,80,,,
participant_03,1,day,Town10HD,70,0.5,2026-03-04T14:54:30.799109,-22.063879013061523,131.8973846435547,0.0018320083618164062,7.435,4.424,0.0,0.132,0,0,1,None,0.813,199631.453,None,,199631.453,0.999,1772636069795,80,,,distraction_start=window_2
participant_03,1,day,Town10HD,70,0.5,2026-03-04T14:54:31.813205,-22.883108139038086,131.72019958496094,0.0021798324305564165,0.001,2.294,0.0,0.007,0,0,1,None,1.0,199632.468,None,,199632.468,0.988,1772636071775,78,,,
participant_03,1,day,Town10HD,70,0.5,2026-03-04T14:54:32.829008,-23.25933837890625,131.64772033691406,0.0013517760671675205,8.785,-0.853,0.96,0.0,0,0,1,pick_floor,0.986,199633.484,None,,199633.484,0.969,1772636072765,74,,,
participant_03,1,day,Town10HD,70,0.5,2026-03-04T14:54:33.782337,-25.32236099243164,131.2633514404297,0.0015051269438117743,20.119,-0.696,0.9,0.0,0,0,1,pick_floor,0.979,199634.437,None,,199634.437,0.942,1772636073754,71,,,distraction_finish=window_2
participant_03,1,day,Town10HD,70,0.5,2026-03-04T14:54:34.812296,-29.06144142150879,130.56736755371094,0.0015045547625049949,29.276,5.302,0.439,0.0,0,0,1,phone_call,0.916,199635.468,None,,199635.468,0.942,1772636073754,71,,,
participant_03,1,day,Town10HD,70,0.5,2026-03-04T14:54:35.836174,-33.364139556884766,129.0604248046875,0.0019388198852539062,27.961,14.234,0.129,0.0,0,0,1,None,1.0,199636.484,None,,199636.484,0.883,1772636075780,70,,,
participant_03,1,day,Town10HD,70,0.5,2026-03-04T14:54:36.813635,-36.523338317871094,126.91249084472656,0.0020087433513253927,24.017,11.651,0.218,0.0,0,0,1,None,1.0,199637.468,None,,199637.468,0.859,1772636076770,71,,,
participant_03,1,day,Town10HD,70,0.5,2026-03-04T14:54:37.829132,-39.094505310058594,124.01179504394531,0.0015940475277602673,29.499,15.578,0.805,0.0,0,0,1,None,1.0,199638.484,None,,199638.484,0.84,1772636077760,72,,,
participant_03,1,day,Town10HD,70,0.5,2026-03-04T14:54:38.783959,-40.94623947143555,119.93092346191406,0.0014227676438167691,37.04,13.285,0.704,0.0,0,0,1,None,1.0,199639.437,None,,199639.437,0.84,1772636077760,72,,,distraction_start=window_1
participant_03,1,day,Town10HD,70,0.5,2026-03-04T14:54:39.816739,-41.85169219970703,114.25904846191406,0.0016487884568050504,42.176,1.669,0.633,0.0,0,0,1,None,1.0,199640.468,None,,199640.468,0.789,1772636079785,70,,,
participant_03,1,day,Town10HD,70,0.5,2026-03-04T14:54:40.810829,-42.25257110595703,107.90522003173828,0.0017350387061014771,45.076,0.954,0.557,0.0,0,0,1,reach_back,0.972,199641.468,None,,199641.468,0.764,1772636080776,71,,,
participant_03,1,day,Town10HD,70,0.5,2026-03-04T14:54:41.832104,-42.47639465332031,100.76100158691406,0.0017741775372996926,47.042,0.898,0.548,0.0,0,0,1,pick_floor,0.999,199642.484,None,,199642.484,0.751,1772636081766,73,,,
participant_03,1,day,Town10HD,70,0.5,2026-03-04T14:54:42.780866,-42.494197845458984,94.76377868652344,0.001794738695025444,47.987,0.98,0.514,0.0,0,0,1,pick_floor,0.998,199643.437,None,,199643.437,0.751,1772636082754,74,,,distraction_finish=window_1
participant_03,1,day,Town10HD,70,0.5,2026-03-04T14:54:43.783520,-42.28838348388672,87.7657241821289,0.0019196700304746628,46.399,-0.012,0.0,0.0,0,0,1,None,1.0,199644.437,None,,199644.437,0.751,1772636082754,74,,,
participant_03,1,day,Town10HD,70,0.5,2026-03-04T14:54:44.791472,-41.86617660522461,81.54466247558594,0.00207691197283566,39.832,9.083,0.661,0.0,0,0,1,None,1.0,199645.437,None,,199645.437,0.775,1772636084780,75,,,
participant_03,1,day,Town10HD,70,0.5,2026-03-04T14:54:45.821571,-39.9565315246582,75.35140228271484,0.0016477965982630849,45.418,15.731,0.793,0.0,0,0,1,None,1.0,199646.468,None,,199646.468,0.789,1772636085770,75,,,
participant_03,1,day,Town10HD,70,0.5,2026-03-04T14:54:46.840666,-35.32373809814453,70.4449462890625,0.0017826079856604338,47.524,20.509,0.433,0.0,0,0,1,None,1.0,199647.5,None,,199647.5,0.799,1772636086760,75,,,
participant_03,1,day,Town10HD,70,0.5,2026-03-04T14:54:47.805597,-29.453819274902344,68.86277770996094,0.0021551894024014473,40.906,7.829,0.0,0.0,0,0,1,None,1.0,199648.453,None,,199648.453,0.81,1772636087795,76,Solid line crossing,SolidSolid,distraction_start=window_2; errors=Solid line crossing
participant_03,1,day,Town10HD,70,0.5,2026-03-04T14:54:48.788903,-23.944169998168945,69.09718322753906,0.0019739530980587006,36.631,-1.241,0.734,0.0,0,0,1,None,1.0,199649.437,None,,199649.437,0.824,1772636088785,76,,,
participant_03,1,day,Town10HD,70,0.5,2026-03-04T14:54:49.804204,-18.278776168823242,69.31790161132812,0.0017158507835119963,40.648,0.127,0.314,0.0,0,0,1,pick_floor,0.868,199650.453,None,,199650.453,0.843,1772636089775,77,,,
participant_03,1,day,Town10HD,70,0.5,2026-03-04T14:54:50.782717,-12.4932222366333,69.5497817993164,0.0019638061057776213,37.636,-0.519,0.114,0.0,0,0,1,pick_floor,0.999,199651.437,None,,199651.437,0.864,1772636090765,79,,,
participant_03,1,day,Town10HD,70,0.5,2026-03-04T14:54:51.820766,-7.047702312469482,69.7040786743164,0.002054672222584486,31.759,-0.519,0.085,0.0,0,0,1,pick_floor,0.974,199652.468,None,,199652.468,0.883,1772636091800,80,,,
participant_03,1,day,Town10HD,70,0.5,2026-03-04T14:54:52.800088,-2.7558653354644775,69.77542114257812,0.002044524997472763,26.578,-0.331,0.065,0.0,0,0,1,pick_floor,0.983,199653.453,None,,199653.453,0.899,1772636092790,80,,,
participant_03,1,day,Town10HD,70,0.5,2026-03-04T14:54:53.808183,1.0268175601959229,69.8096694946289,0.002023353474214673,21.619,-0.392,0.063,0.0,0,0,1,pick_floor,0.98,199654.468,None,,199654.468,0.915,1772636093780,81,,,distraction_finish=window_2
participant_03,1,day,Town10HD,70,0.5,2026-03-04T14:54:54.831334,4.096047878265381,69.80196380615234,0.0019743728917092085,18.2,1.575,0.169,0.0,0,0,1,phone_call,0.842,199655.484,None,,199655.484,0.915,1772636093780,81,Harsh braking,decel_mps2=125.216,errors=Harsh braking
participant_03,1,day,Town10HD,70,0.5,2026-03-04T14:54:55.812084,6.4297685623168945,69.82321166992188,0.0019159317016601562,12.978,0.956,0.0,0.0,0,0,1,None,1.0,199656.468,None,,199656.468,0.959,1772636095761,83,,,
participant_03,1,day,Town10HD,70,0.5,2026-03-04T14:54:56.818976,8.412605285644531,69.85877227783203,0.001639633090235293,14.805,-1.142,0.169,0.0,0,0,1,None,1.0,199657.468,None,,199657.468,0.98,1772636096796,83,,,
participant_03,1,day,Town10HD,70,0.5,2026-03-04T14:54:57.833562,10.530957221984863,69.87540435791016,0.0017484663985669613,13.999,0.728,0.13,0.0,0,0,1,None,1.0,199658.484,None,,199658.484,0.996,1772636097786,82,,,
participant_03,1,day,Town10HD,70,0.5,2026-03-04T14:54:58.823562,12.500420570373535,69.90316772460938,0.001760406419634819,12.913,-0.129,0.129,0.0,0,0,1,None,1.0,199659.484,None,,199659.484,1.0,1772636098775,81,,,distraction_start=window_1
participant_03,1,day,Town10HD,70,0.5,2026-03-04T14:54:59.811156,14.362768173217773,69.92431640625,0.0016783904284238815,13.45,-0.082,0.23,0.0,0,0,1,None,1.0,199660.468,None,,199660.468,1.0,1772636099766,81,,,
participant_03,1,day,Town10HD,70,0.5,2026-03-04T14:55:00.831278,16.47020721435547,69.94903564453125,0.0016667174641042948,14.597,0.11,0.616,0.0,0,0,1,reach_back,0.915,199661.484,None,,199661.484,1.0,1772636099766,81,,,
participant_03,1,day,Town10HD,70,0.5,2026-03-04T14:55:01.782020,19.02058982849121,69.96282196044922,0.0017356108874082565,20.465,-1.088,0.714,0.0,0,0,1,reach_back,0.846,199662.437,None,,199662.437,1.0,1772636101115,81,,,
participant_03,1,day,Town10HD,70,0.5,2026-03-04T14:55:02.794397,22.42704963684082,69.91706848144531,0.0016158676007762551,26.55,-2.659,0.56,0.0,0,0,1,pick_floor,0.804,199663.453,None,,199663.453,1.0,1772636101926,81,Stop sign violation,stop_sign_id=946,errors=Stop sign violation
participant_03,1,day,Town10HD,70,0.5,2026-03-04T14:55:03.800197,26.524913787841797,69.57868194580078,0.0017140960553660989,29.981,-6.758,0.518,0.0,0,0,1,pick_floor,0.829,199664.453,None,,199664.453,1.0,1772636102826,83,,,
participant_03,1,day,Town10HD,70,0.5,2026-03-04T14:55:04.825549,30.93431282043457,68.5421142578125,0.0017589187482371926,32.35,-8.122,0.501,0.0,0,0,1,pick_floor,0.964,199665.484,None,,199665.484,1.0,1772636103820,83,,,
participant_03,1,day,Town10HD,70,0.5,2026-03-04T14:55:05.807020,35.36440658569336,66.59829711914062,0.0017766570672392845,34.284,-8.065,0.501,0.0,0,0,1,None,1.0,199666.453,None,,199666.453,1.0,1772636104943,83,,,distraction_finish=window_1
participant_03,1,day,Town10HD,70,0.5,2026-03-04T14:55:06.816956,39.51737594604492,63.656044006347656,0.0018165207002311945,35.415,-16.582,0.188,0.0,0,0,1,phone_call,0.807,199667.468,None,,199667.468,1.0,1772636105841,83,,,
participant_03,1,day,Town10HD,70,0.5,2026-03-04T14:55:07.826629,42.43278121948242,59.8009147644043,0.002074127085506916,30.176,-7.893,0.193,0.0,0,0,1,None,1.0,199668.484,None,,199668.484,1.0,1772636106875,83,,,
participant_03,1,day,Town10HD,70,0.5,2026-03-04T14:55:08.805226,44.05655288696289,56.08552551269531,0.0020915602799504995,24.585,-14.442,0.0,0.0,0,0,1,None,1.0,199669.453,None,,199669.453,1.0,1772636108766,85,,,
participant_03,1,day,Town10HD,70,0.5,2026-03-04T14:55:09.781870,44.55794143676758,52.9036865234375,0.0020656967535614967,19.269,-11.735,0.0,0.0,0,0,1,None,1.0,199670.437,None,,199670.437,1.0,1772636108766,85,,,
participant_03,1,day,Town10HD,70,0.5,2026-03-04T14:55:10.799936,44.51681900024414,50.18391799926758,0.0018218993209302425,15.454,-4.223,0.0,0.0,0,0,1,None,1.0,199671.453,None,,199671.453,1.0,1772636110791,87,,,distraction_start=window_2
participant_03,1,day,Town10HD,70,0.5,2026-03-04T14:55:11.779784,44.391971588134766,47.97164535522461,0.0017596435500308871,13.733,-2.831,0.22,0.0,0,0,1,None,1.0,199672.437,None,,199672.437,1.0,1772636110791,87,,,
participant_03,1,day,Town10HD,70,0.5,2026-03-04T14:55:12.813354,44.264808654785156,45.80099105834961,0.001570854103192687,16.593,1.598,0.766,0.0,0,0,1,pick_floor,0.961,199673.468,None,,199673.468,1.0,1772636111826,87,,,
participant_03,1,day,Town10HD,70,0.5,2026-03-04T14:55:13.786703,44.19496154785156,42.76752471923828,0.0016545105027034879,22.745,4.428,0.639,0.0,0,0,1,pick_floor,0.983,199674.437,None,,199674.437,1.0,1772636112816,87,,,
participant_03,1,day,Town10HD,70,0.5,2026-03-04T14:55:14.783650,44.41452407836914,38.58742904663086,0.0016690825577825308,28.116,3.983,0.53,0.0,0,0,1,pick_floor,0.997,199675.437,None,,199675.437,1.0,1772636113805,84,,,
participant_03,1,day,Town10HD,70,0.5,2026-03-04T14:55:15.786170,45.17094802856445,33.58518600463867,0.0019388198852539062,27.398,5.579,0.0,0.0,0,0,1,pick_floor,0.998,199676.437,None,,199676.437,1.0,1772636114801,82,,,
participant_03,1,day,Town10HD,70,0.5,2026-03-04T14:55:16.803306,46.3343391418457,29.49652099609375,0.0020553588401526213,20.782,5.576,0.0,0.0,0,0,1,pick_floor,0.995,199677.453,None,,199677.453,1.0,1772636116776,82,,,
participant_03,1,day,Town10HD,70,0.5,2026-03-04T14:55:17.789240,47.632957458496094,26.393766403198242,0.0018109511584043503,15.693,6.144,0.0,0.0,0,0,1,pick_floor,0.994,199678.437,None,,199678.437,1.0,1772636116776,82,Collision,static.static,distraction_finish=window_2; errors=Collision
participant_03,1,day,Town10HD,70,0.5,2026-03-04T14:55:18.796683,48.782127380371094,24.411937713623047,0.061903417110443115,3.037,12.02,0.095,0.0,0,0,1,None,1.0,199679.453,None,,199679.453,1.0,1772636117810,81,,,
participant_03,1,day,Town10HD,70,0.5,2026-03-04T14:55:19.780979,48.92243576049805,24.39913558959961,0.0014620207948610187,0.001,11.094,0.0,0.0,0,0,1,pick_floor,0.945,199680.437,None,,199680.437,1.0,1772636118800,81,,,
participant_03,1,day,Town10HD,70,0.5,2026-03-04T14:55:20.798478,48.92230224609375,24.39960479736328,0.0018033599480986595,0.003,10.576,0.0,0.0,0,0,1,pick_floor,0.969,199681.453,None,,199681.453,1.0,1772636120781,79,,,
participant_03,1,day,Town10HD,70,0.5,2026-03-04T14:55:21.817613,48.922279357910156,24.39974594116211,0.0017305373912677169,0.0,11.221,0.0,0.0,0,0,1,pick_floor,0.953,199682.468,None,,199682.468,1.0,1772636121770,77,,,
participant_03,1,day,Town10HD,70,0.5,2026-03-04T14:55:22.794524,48.92228317260742,24.39975929260254,0.0017206954071298242,0.0,10.502,0.0,0.0,0,0,1,None,1.0,199683.453,None,,199683.453,1.0,1772636121770,77,,,distraction_start=window_1
participant_03,1,day,Town10HD,70,0.5,2026-03-04T14:55:23.820669,48.92228317260742,24.399763107299805,0.0017189406789839268,0.0,10.41,0.0,0.0,0,0,1,None,1.0,199684.468,None,,199684.468,0.999,1772636122805,76,,,
participant_03,1,day,Town10HD,70,0.5,2026-03-04T14:55:24.826203,48.92228317260742,24.399765014648438,0.0017192077357321978,0.0,9.945,0.0,0.0,0,0,1,None,1.0,199685.484,None,,199685.484,0.972,1772636123976,74,,,
participant_03,1,day,Town10HD,70,0.5,2026-03-04T14:55:25.803359,48.92228317260742,24.399765014648438,0.0017188644269481301,0.0,9.739,0.0,0.0,0,0,1,None,1.0,199686.453,None,,199686.453,0.926,1772636124831,65,,,
participant_03,1,day,Town10HD,70,0.5,2026-03-04T14:55:26.794758,48.92228317260742,24.399763107299805,0.0017191314836964011,0.0,10.281,0.0,0.0,0,0,1,None,1.0,199687.453,None,,199687.453,0.88,1772636125824,65,,,
participant_03,1,day,Town10HD,70,0.5,2026-03-04T14:55:27.788376,48.92228317260742,24.399763107299805,0.0017191695515066385,0.0,9.081,0.0,0.0,0,0,1,None,1.0,199688.437,None,,199688.437,0.835,1772636126813,65,,,
participant_03,1,day,Town10HD,70,0.5,2026-03-04T14:55:28.778427,48.92228317260742,24.399765014648438,0.0017191695515066385,0.0,-0.113,0.0,0.0,0,0,1,None,1.0,199689.437,None,,199689.437,0.791,1772636127936,65,,,
participant_03,1,day,Town10HD,70,0.5,2026-03-04T14:55:29.816377,48.92228317260742,24.399765014648438,0.0017188644269481301,0.0,0.146,0.0,0.0,0,0,1,phone_call,0.825,199690.468,None,,199690.468,0.751,1772636128790,66,,,
participant_03,1,day,Town10HD,70,0.5,2026-03-04T14:55:30.816728,48.92228317260742,24.399765014648438,0.0017190170474350452,0.0,0.146,0.0,0.0,0,0,1,None,1.0,199691.468,None,,199691.468,0.673,1772636130815,65,,,
participant_03,1,day,Town10HD,70,0.5,2026-03-04T14:55:31.815888,48.92228317260742,24.399763107299805,0.0017190170474350452,0.0,0.146,0.0,0.0,0,0,1,None,1.0,199692.468,None,,199692.468,0.64,1772636131806,65,,,
participant_03,1,day,Town10HD,70,0.5,2026-03-04T14:55:32.794476,48.92228317260742,24.399763107299805,0.0017190551152452826,0.0,0.146,0.0,0.0,0,0,1,None,1.0,199693.453,None,,199693.453,0.64,1772636131806,65,,,
participant_03,1,day,Town10HD,70,0.5,2026-03-04T14:55:33.778363,48.92228317260742,24.399763107299805,0.0017190170474350452,0.0,0.146,0.0,0.0,0,0,1,None,1.0,199694.437,None,,199694.437,0.608,1772636132931,64,,,
participant_03,1,day,Town10HD,70,0.5,2026-03-04T14:55:34.804406,48.92228317260742,24.399765014648438,0.001718978863209486,0.0,0.146,0.0,0.0,0,0,1,None,1.0,199695.453,None,,199695.453,0.578,1772636134776,64,,,
participant_03,1,day,Town10HD,70,0.5,2026-03-04T14:55:35.815099,48.92228317260742,24.399765014648438,0.0017190170474350452,0.0,0.146,0.0,0.0,0,0,1,None,1.0,199696.468,None,,199696.468,0.576,1772636135811,64,,,
participant_03,1,day,Town10HD,70,0.5,2026-03-04T14:55:36.781146,48.92228317260742,24.399763107299805,0.0017190170474350452,0.0,0.146,0.0,0.0,0,0,1,None,1.0,199697.437,None,,199697.437,0.576,1772636135811,64,,,
participant_03,1,day,Town10HD,70,0.5,2026-03-04T14:55:37.796725,48.92228317260742,24.399763107299805,0.0017190551152452826,0.0,0.146,0.0,0.0,0,0,1,reach_back,0.907,199698.453,None,,199698.453,0.567,1772636137790,64,,,
participant_03,1,day,Town10HD,70,0.5,2026-03-04T14:55:38.777819,48.92228317260742,24.399765014648438,0.0017190551152452826,0.0,0.146,0.0,0.0,0,0,1,reach_back,0.89,199699.437,None,,199699.437,0.567,1772636137790,64,,,
participant_03,1,day,Town10HD,70,0.5,2026-03-04T14:55:39.798315,48.92228317260742,24.399765014648438,0.0017188644269481301,0.0,0.146,0.0,0.0,0,0,1,None,1.0,199700.453,None,,199700.453,0.565,1772636139771,66,,,
participant_03,1,day,Town10HD,70,0.5,2026-03-04T14:55:40.801622,48.92228317260742,24.399765014648438,0.0017190170474350452,0.0,0.146,0.0,0.0,0,0,1,None,1.0,199701.453,None,,199701.453,0.565,1772636139771,66,,,
