user_id,run_id,weather,map_name,start_x,start_y,start_z,end_x,end_y,end_z,arousal_start,arousal_end,hr_bpm_start,hr_bpm_end,model_pred_start,model_prob_start,model_pred_end,model_prob_end,emotion_label_start,emotion_prob_start,emotion_label_end,emotion_prob_end,timestamp_start,timestamp_end,frame_start,frame_end,sim_time_start,sim_time_end,details
participant_03,1,day,Town10HD,-15.148193359375,69.71400451660156,0.0017181014409288764,-14.892007827758789,69.71710968017578,0.0017259216401726007,0.345,0.346,51,57,phone_call,0.86,pick_floor,0.996,angry,0.939,angry,0.814,2026-02-16T10:32:24.520785,2026-02-16T10:32:59.070836,360774,361220,6792.462407935411,6808.07240800187,window_2
participant_03,1,day,Town10HD,-8.280879020690918,69.76747131347656,0.0017567063914611936,29.327802658081055,70.10963439941406,0.0026251981034874916,0.337,0.34,62,67,None,0.897,pick_floor,0.988,angry,0.347,neutral,0.844,2026-02-16T10:33:04.260580,2026-02-16T10:33:12.560616,361287,361395,6810.417408011854,6814.197408027947,window_1
participant_03,1,day,Town10HD,45.33797836303711,34.625362396240234,0.001744537497870624,59.86520004272461,27.075162887573242,0.001923637231811881,0.34,0.34,77,71,None,0.955,pick_floor,0.996,neutral,0.375,fear,0.517,2026-02-16T10:33:24.399272,2026-02-16T10:33:28.731302,361555,361617,6819.797408051789,6821.9674080610275,window_2
participant_03,1,day,Town10HD,80.57379913330078,25.60213279724121,0.0017205429030582309,90.3151626586914,24.379491806030273,0.001179428305476904,0.34,0.905,70,67,None,0.944,pick_floor,0.955,neutral,0.56,neutral,0.526,2026-02-16T10:33:39.905659,2026-02-16T10:33:45.620611,361773,361853,6827.427408084273,6830.227408096194,window_1
participant_03,1,day,Town10HD,107.06119537353516,-19.75762939453125,0.0017459107330068946,105.81851959228516,-37.5848274230957,0.001972045749425888,1.0,1.0,70,62,None,1.0,pick_floor,0.999,sad,0.365,sad,0.706,2026-02-16T10:34:00.906212,2026-02-16T10:34:04.524310,362070,362123,6837.82240812853,6839.677408136427,window_2
participant_03,1,day,Town10HD,63.44428253173828,-66.20551300048828,0.0017799758352339268,39.88245391845703,-66.6832046508789,0.001866416889242828,1.0,1.0,68,63,None,0.918,pick_floor,0.996,angry,0.335,neutral,0.621,2026-02-16T10:34:15.128209,2026-02-16T10:34:18.779925,362269,362318,6844.787408158183,6846.502408165485,window_1
participant_03,1,day,Town10HD,-19.82874870300293,-68.16625213623047,0.0017537306994199753,-28.225839614868164,-68.29121398925781,0.0013098148629069328,0.917,0.893,62,58,None,0.906,pick_floor,0.996,neutral,0.458,fear,0.986,2026-02-16T10:34:36.526204,2026-02-16T10:34:40.606579,362568,362625,6855.252408202738,6857.247408211231,window_2
participant_03,1,day,Town10HD,-56.318851470947266,-66.91801452636719,0.0015641024801880121,-80.6712417602539,-61.57540512084961,0.0018576811999082565,0.892,0.894,58,58,None,0.937,pick_floor,0.849,neutral,0.489,angry,0.999,2026-02-16T10:34:45.952990,2026-02-16T10:34:49.875537,362702,362760,6859.942408222705,6861.972408231348,window_1
participant_03,1,day,Town10HD,-100.29000091552734,21.873979568481445,0.0019615553319454193,-74.05333709716797,27.015827178955078,0.001776466378942132,0.707,0.658,62,60,None,0.906,pick_floor,0.994,neutral,0.792,fear,0.862,2026-02-16T10:35:09.428673,2026-02-16T10:35:14.930730,363020,363084,6871.072408270091,6873.312408279628,window_2
participant_03,1,day,Town10HD,-44.40241241455078,27.753787994384766,0.0016308213816955686,-19.387842178344727,28.11698341369629,0.0018731307936832309,0.589,0.555,59,59,None,0.967,None,1.0,neutral,0.83,neutral,0.624,2026-02-16T10:35:20.086697,2026-02-16T10:35:24.214742,363148,363200,6875.552408289164,6877.372408296913,window_1
participant_03,1,day,Town10HD,40.56139373779297,53.852943420410156,0.0017213057726621628,42.11510467529297,60.984153747558594,0.0014835359761491418,0.445,0.452,53,54,None,0.947,pick_floor,0.937,neutral,0.65,fear,0.772,2026-02-16T10:35:44.533889,2026-02-16T10:35:48.449560,363471,363523,6886.857408337295,6888.677408345044,window_2
participant_03,1,day,Town10HD,62.165321350097656,70.45723724365234,0.0017669296357780695,89.54268646240234,69.28121185302734,0.0017749785911291838,0.442,0.442,57,62,None,0.922,None,1.0,neutral,0.57,angry,0.787,2026-02-16T10:35:53.582809,2026-02-16T10:35:58.434334,363595,363663,6891.1974083557725,6893.577408365905,window_1
participant_03,1,day,Town10HD,30.0252628326416,130.552001953125,0.0018130873795598745,6.02470064163208,129.31307983398438,0.001735191443003714,0.919,0.573,52,50,None,0.974,pick_floor,0.991,neutral,0.753,fear,0.987,2026-02-16T10:36:22.321435,2026-02-16T10:36:26.689110,363997,364055,6905.267408415675,6907.297408424318,window_2
participant_03,1,day,Town10HD,7.981967449188232,129.9725341796875,0.0013831332325935364,2.4192955493927,129.80043029785156,0.00153842952568084,0.428,0.357,52,58,None,0.949,pick_floor,0.997,neutral,0.579,neutral,0.891,2026-02-16T10:36:32.012717,2026-02-16T10:36:36.050035,364128,364183,6909.852408435196,6911.777408443391,window_1
participant_03,1,day,Town10HD,-41.80045700073242,82.67767333984375,0.0019233322236686945,-32.999542236328125,69.03092956542969,0.0014357760082930326,0.357,0.357,65,62,None,0.943,pick_floor,0.986,neutral,0.683,fear,0.839,2026-02-16T10:36:53.980124,2026-02-16T10:36:58.024091,364434,364487,6920.562408480793,6922.417408488691,window_2
participant_03,1,day,Town10HD,16.108762741088867,70.23149108886719,0.0018113325349986553,27.17963409423828,70.0929946899414,0.0013296513352543116,0.357,0.48,64,63,None,0.91,None,1.0,neutral,0.408,sad,0.941,2026-02-16T10:37:09.728949,2026-02-16T10:37:13.678754,364641,364697,6927.807408511639,6929.767408519983,window_1
participant_03,1,day,Town10HD,65.56459045410156,25.175304412841797,0.002053031697869301,87.37541961669922,26.12384796142578,0.0016358948778361082,1.0,0.979,60,60,None,1.0,pick_floor,0.969,angry,0.507,fear,0.981,2026-02-16T10:37:29.387045,2026-02-16T10:37:34.283223,364917,364987,6937.467408552766,6939.917408563197,window_2
participant_03,1,day,Town10HD,106.20076751708984,4.182468891143799,0.0018737028585746884,107.09929656982422,-17.336679458618164,0.0018994903657585382,0.716,0.777,60,60,None,0.952,None,0.973,neutral,0.618,neutral,0.376,2026-02-16T10:37:42.240403,2026-02-16T10:37:47.189410,365103,365173,6943.977408580482,6946.427408590913,window_1
participant_03,1,day,Town10HD,18.187458038330078,-67.42394256591797,0.0021231838036328554,-32.61529541015625,-65.50513458251953,0.00039367660065181553,0.642,0.365,56,53,None,0.988,pick_floor,0.998,neutral,0.69,fear,0.708,2026-02-16T10:38:04.645688,2026-02-16T10:38:12.647296,365421,365535,6955.107408627868,6959.097408644855,window_2
participant_03,1,day,Town10HD,-63.570194244384766,-65.53031921386719,0.0014950946206226945,-86.47919464111328,-59.92890548706055,0.0019215773791074753,0.325,0.453,52,59,None,0.92,None,1.0,sad,0.454,sad,0.984,2026-02-16T10:38:17.839500,2026-02-16T10:38:21.346232,365612,365663,6961.792408656329,6963.5774086639285,window_1
participant_03,1,day,Town10HD,-110.50324249267578,-14.533628463745117,0.0017190170474350452,-110.50324249267578,-14.53328800201416,0.001718978863209486,1.0,0.754,65,64,None,0.949,None,0.955,neutral,0.438,fear,0.965,2026-02-16T10:38:39.855474,2026-02-16T10:38:42.358918,365924,365958,6972.7124087028205,6973.902408707887,window_2
participant_03,1,day,Town10HD,-103.51974487304688,18.83595085144043,0.0017619323916733265,-66.76604461669922,27.41939353942871,0.0018726348644122481,0.215,0.224,56,52,None,1.0,pick_floor,0.999,neutral,0.429,sad,0.768,2026-02-16T10:38:54.580451,2026-02-16T10:39:04.771910,366122,366250,6979.642408732325,6984.122408751398,window_1
participant_03,1,day,Town10HD,-31.479833602905273,27.664804458618164,0.001857757568359375,-8.834888458251953,27.85062026977539,0.0016487885732203722,0.251,0.298,51,56,None,0.889,pick_floor,0.994,neutral,0.484,sad,0.742,2026-02-16T10:39:10.077780,2026-02-16T10:39:13.533531,366331,366384,6986.957408763468,6988.812408771366,window_2
participant_03,1,day,Town10HD,52.98467254638672,70.43243408203125,0.0021440121345221996,87.28556823730469,67.48677062988281,0.00191154470667243,0.642,0.547,56,54,None,0.866,pick_floor,0.958,neutral,0.357,neutral,0.856,2026-02-16T10:39:36.349882,2026-02-16T10:39:42.180046,366750,366844,7001.622408825904,7004.912408839911,window_1
participant_03,1,day,Town10HD,101.45818328857422,75.0630874633789,0.0015546801732853055,100.10701751708984,96.97926330566406,0.001685333321802318,0.567,0.75,59,64,None,1.0,pick_floor,0.989,neutral,0.748,fear,0.951,2026-02-16T10:39:47.634316,2026-02-16T10:39:51.838619,366934,367000,7008.062408853322,7010.372408863157,window_2
participant_03,1,day,Town10HD,1.674358606338501,130.39178466796875,0.0017355346353724599,-24.937808990478516,131.20272827148438,0.0016837312141433358,0.884,0.513,55,53,None,0.921,pick_floor,0.991,neutral,0.701,sad,0.993,2026-02-16T10:40:14.640176,2026-02-16T10:40:19.862882,367362,367443,7023.042408917099,7025.877408929169,window_1
participant_03,1,day,Town10HD,-41.428466796875,122.73590850830078,0.001871146960183978,-42.1478271484375,119.5792465209961,0.002953454153612256,0.365,0.379,54,54,None,1.0,pick_floor,0.998,neutral,0.321,fear,0.711,2026-02-16T10:40:25.826552,2026-02-16T10:40:29.921229,367535,367595,7029.097408942878,7031.197408951819,window_2
participant_03,1,day,Town10HD,-1.0823520421981812,69.64344787597656,0.0017504884162917733,6.903137683868408,69.87384796142578,0.0018439864506945014,1.0,0.972,57,53,None,0.945,None,0.92,sad,0.331,sad,0.714,2026-02-16T10:40:54.855783,2026-02-16T10:40:57.298862,367979,368016,7044.637409009039,7045.932409014553,window_1
participant_03,1,day,Town10HD,19.891794204711914,70.1412124633789,0.0017720031319186091,27.292259216308594,70.14801788330078,0.001381531124934554,0.419,0.307,52,52,None,0.944,None,1.0,fear,0.388,fear,0.989,2026-02-16T10:41:02.425254,2026-02-16T10:41:06.353780,368095,368156,7048.697409026325,7050.8324090354145,window_2
participant_03,1,day,Town10HD,73.83841705322266,24.817646026611328,0.0017565154703333974,86.37348175048828,24.77286720275879,-0.00011684394848998636,0.376,0.376,54,53,None,0.957,pick_floor,0.929,neutral,0.97,sad,0.983,2026-02-16T10:41:23.837806,2026-02-16T10:41:27.508596,368439,368501,7060.737409077585,7062.9074090868235,window_1
participant_03,1,day,Town10HD,107.24505615234375,-14.864678382873535,0.0018154525896534324,105.03719329833984,-38.47012710571289,0.0017644880572333932,0.376,0.376,54,63,None,0.983,pick_floor,0.995,neutral,0.683,fear,0.912,2026-02-16T10:41:35.590314,2026-02-16T10:41:40.159823,368640,368719,7067.772409107536,7070.537409119308,window_2
participant_03,2,day,Town10HD,41.48754119873047,63.31978988647461,0.0019620894454419613,45.21037673950195,46.17741012573242,0.0019826125353574753,,,49,53,None,0.951,pick_floor,0.987,neutral,0.552,fear,0.928,2026-02-16T10:56:01.841716,2026-02-16T10:56:07.226197,413856,413928,7885.978781431913,7888.498781442642,window_2
participant_03,2,day,Town10HD,45.82756805419922,32.089168548583984,0.0018450545612722635,57.46736145019531,26.61365509033203,0.0016907119425013661,,0.498,56,63,None,0.888,None,0.903,neutral,0.567,neutral,0.812,2026-02-16T10:56:12.649952,2026-02-16T10:56:15.885814,414001,414045,7891.05378145352,7892.593781460077,window_1
participant_03,2,day,Town10HD,81.11614990234375,24.905731201171875,0.0017191314836964011,87.90028381347656,25.20903205871582,-0.0016895675798878074,0.499,0.52,58,57,None,0.96,pick_floor,0.996,neutral,0.949,fear,0.999,2026-02-16T10:56:32.558287,2026-02-16T10:56:36.677470,414286,414346,7901.028781495988,7903.128781504929,window_2
participant_03,2,day,Town10HD,97.99469757080078,20.53553581237793,-0.009377212263643742,103.84329223632812,8.312179565429688,0.0017103576101362705,0.596,0.607,55,55,None,0.967,pick_floor,0.997,neutral,0.335,sad,0.904,2026-02-16T10:56:43.229375,2026-02-16T10:56:56.535616,414439,414615,7906.383781518787,7912.543781545013,window_1
participant_03,2,day,Town10HD,85.8060531616211,-61.46828842163086,0.0018596267327666283,58.31090545654297,-65.68163299560547,0.001906547462567687,0.748,0.981,63,59,None,0.881,pick_floor,0.988,fear,0.388,fear,0.968,2026-02-16T10:57:08.856618,2026-02-16T10:57:13.163427,414791,414851,7918.703781571239,7920.80378158018,window_2
participant_03,2,day,Town10HD,-8.134048461914062,-67.76133728027344,0.0018080520676448941,-30.086669921875,-67.52592468261719,0.0019014739664271474,0.952,0.684,67,59,None,0.889,pick_floor,0.885,neutral,0.465,sad,0.956,2026-02-16T10:57:26.044592,2026-02-16T10:57:31.220521,415040,415117,7927.418781608343,7930.113781619817,window_1
participant_03,2,day,Town10HD,-108.09961700439453,-37.86155700683594,0.0017971801571547985,-111.22420501708984,-2.4996390342712402,0.0019639586098492146,0.559,0.792,77,65,None,1.0,pick_floor,0.999,neutral,0.519,fear,0.98,2026-02-16T10:57:45.155339,2026-02-16T10:57:50.544962,415327,415401,7937.4637816511095,7940.053781662136,window_2
participant_03,2,day,Town10HD,-96.71062469482422,24.22722053527832,0.0018347549485042691,-64.61979675292969,28.63974380493164,0.0019771575462073088,0.88,0.83,62,58,None,0.944,pick_floor,0.992,happy,0.561,sad,0.614,2026-02-16T10:57:58.381313,2026-02-16T10:58:06.955255,415502,415609,7943.5887816771865,7947.333781693131,window_1
participant_03,2,day,Town10HD,12.326255798339844,28.069135665893555,0.0019969558343291283,32.38265609741211,29.5644474029541,0.0016625594580546021,0.792,0.784,62,57,None,0.929,None,0.983,happy,0.669,sad,0.991,2026-02-16T10:58:19.352972,2026-02-16T10:58:23.299319,415772,415827,7953.03878171742,7954.963781725615,window_2
participant_03,2,day,Town10HD,40.75794982910156,55.58161163330078,0.0015846252208575606,49.01459503173828,70.43718719482422,0.0016097640618681908,0.66,0.66,65,61,None,0.925,pick_floor,0.979,neutral,0.669,neutral,0.985,2026-02-16T10:58:34.606603,2026-02-16T10:58:37.891868,415983,416032,7960.423781748861,7962.138781756163,window_1
participant_03,2,day,Town10HD,94.35820770263672,112.39383697509766,0.0018709182040765882,81.90858459472656,128.6995086669922,0.0016952132573351264,0.66,0.66,71,64,None,0.922,pick_floor,0.996,neutral,0.313,fear,0.895,2026-02-16T10:58:52.899394,2026-02-16T10:58:56.284824,416251,416300,7969.803781788796,7971.518781796098,window_2
participant_03,2,day,Town10HD,45.82605743408203,132.14285278320312,0.0017629623180255294,19.259212493896484,131.8302764892578,0.0018284987891092896,0.66,0.66,61,72,None,0.937,pick_floor,0.987,neutral,0.614,neutral,0.694,2026-02-16T10:59:03.694345,2026-02-16T10:59:07.691405,416397,416452,7974.913781810552,7976.8387818187475,window_1
participant_03,2,day,Town10HD,-22.439552307128906,130.50784301757812,0.001507453853264451,-43.68602752685547,120.5177993774414,0.0019665146246552467,0.911,0.709,56,51,None,0.942,pick_floor,1.0,neutral,0.545,angry,0.991,2026-02-16T10:59:30.158991,2026-02-16T10:59:35.549813,416783,416860,7988.42378186807,7991.118781879544,window_2
participant_03,2,day,Town10HD,-44.54344940185547,94.3038330078125,0.0018191146664321423,-42.55704879760742,81.58639526367188,0.001810378977097571,0.52,0.466,50,51,None,0.907,None,0.919,neutral,0.655,sad,0.968,2026-02-16T10:59:40.777343,2026-02-16T10:59:43.583007,416930,416968,7993.568781889975,7994.8987818956375,window_1
participant_03,2,day,Town10HD,19.374929428100586,70.03624725341797,0.0018305587582290173,28.014434814453125,70.13932800292969,0.0014399337815120816,0.683,0.595,50,49,None,0.916,pick_floor,0.999,neutral,0.635,fear,1.0,2026-02-16T11:00:02.839590,2026-02-16T11:00:06.599651,417230,417282,8004.068781934679,8005.888781942427,window_2
participant_03,2,day,Town10HD,44.27572250366211,42.76986312866211,0.0018486403860151768,44.11984634399414,39.22936248779297,0.0013508223928511143,0.629,0.694,55,53,None,0.971,pick_floor,0.999,neutral,0.709,sad,0.627,2026-02-16T11:00:17.264443,2026-02-16T11:00:22.871481,417431,417513,8011.10378196463,8013.973781976849,window_1
participant_03,2,day,Town10HD,78.16642761230469,25.097091674804688,0.0019137191120535135,86.74198913574219,25.47245216369629,0.0014156341785565019,0.888,0.633,53,50,None,0.985,pick_floor,0.977,neutral,0.773,fear,0.656,2026-02-16T11:00:37.972548,2026-02-16T11:00:42.971279,417745,417825,8022.0937820114195,8024.8937820233405,window_2
participant_03,2,day,Town10HD,106.7397232055664,-16.527435302734375,0.0018337630899623036,105.11790466308594,-34.33258819580078,0.001748161274008453,0.628,0.736,56,59,None,0.944,None,0.979,neutral,0.925,neutral,0.918,2026-02-16T11:00:51.433301,2026-02-16T11:00:53.827999,417954,417992,8029.408782042563,8030.738782048225,window_1
participant_03,2,day,Town10HD,-8.267003059387207,-67.8418960571289,0.0017052077455446124,-35.4405403137207,-68.04904174804688,0.0017755127046257257,0.729,0.655,52,52,None,0.996,None,0.937,neutral,0.693,sad,0.962,2026-02-16T11:01:13.331950,2026-02-16T11:01:16.877731,418280,418336,8040.818782091141,8042.778782099485,window_2
participant_03,2,day,Town10HD,-82.69873046875,-65.41680908203125,0.0018318557413294911,-105.74776458740234,-33.447731018066406,0.0017613220261409879,0.597,0.581,54,60,None,0.994,pick_floor,0.994,angry,0.509,sad,0.98,2026-02-16T11:01:23.470369,2026-02-16T11:01:29.280807,418437,418523,8046.313782114536,8049.323782127351,window_1
participant_03,2,day,Town10HD,-111.55615234375,-6.6164116859436035,0.0017193603562191129,-111.55615234375,-6.616283416748047,0.0017189406789839268,1.0,0.948,65,60,None,0.952,None,0.913,neutral,0.761,fear,0.939,2026-02-16T11:01:44.083081,2026-02-16T11:01:46.623163,418740,418777,8056.918782159686,8058.2137821651995,window_2
participant_03,2,day,Town10HD,-111.5108871459961,-5.772378921508789,0.0012112808180972934,-99.0079345703125,21.663774490356445,0.0015071487287059426,0.374,0.429,55,51,None,0.992,pick_floor,0.984,neutral,0.827,neutral,0.732,2026-02-16T11:02:02.510666,2026-02-16T11:02:08.805301,419004,419089,8066.158782199025,8069.133782211691,window_1
participant_03,2,day,Town10HD,-80.3314208984375,26.925174713134766,0.0017893218901008368,-68.93514251708984,27.855043411254883,0.0014661025488749146,0.461,0.482,51,57,None,0.933,pick_floor,0.953,neutral,0.404,fear,0.901,2026-02-16T11:02:13.841164,2026-02-16T11:02:17.689355,419153,419204,8071.373782221228,8073.1587822288275,window_2
participant_03,2,day,Town10HD,39.24249267578125,38.08123016357422,0.001834602328017354,40.64820861816406,56.289573669433594,0.0014271545223891735,0.319,0.296,60,55,None,0.942,pick_floor,0.998,neutral,0.803,sad,0.998,2026-02-16T11:02:40.370287,2026-02-16T11:02:44.579050,419513,419572,8083.973782274872,8086.038782283664,window_1
participant_03,2,day,Town10HD,55.254398345947266,69.73702239990234,0.0016787337372079492,80.49299621582031,69.92112731933594,0.0017470169113948941,0.296,0.296,55,67,None,0.965,pick_floor,0.99,neutral,0.755,fear,0.933,2026-02-16T11:02:49.748521,2026-02-16T11:02:54.974312,419649,419724,8088.733782295138,8091.3587823063135,window_2
participant_03,2,day,Town10HD,51.70065689086914,131.24940490722656,0.0018086242489516735,28.971481323242188,131.22198486328125,0.0018161392072215676,1.0,1.0,60,56,None,0.965,pick_floor,0.999,neutral,0.944,sad,0.548,2026-02-16T11:03:17.040248,2026-02-16T11:03:20.738010,420056,420109,8102.978782355785,8104.833782363683,window_1
participant_03,2,day,Town10HD,-11.674544334411621,130.6730194091797,0.0017680739983916283,-28.99962043762207,131.00686645507812,0.001385383540764451,0.911,1.0,63,64,None,0.994,pick_floor,0.927,neutral,0.758,fear,0.936,2026-02-16T11:03:28.966358,2026-02-16T11:03:34.143679,420227,420304,8108.963782381266,8111.65878239274,window_2
participant_03,2,day,Town10HD,-13.646346092224121,69.5698471069336,0.0017729568062350154,20.332365036010742,71.55554962158203,0.0017154692905023694,1.0,1.0,65,59,None,0.954,pick_floor,0.987,sad,0.85,neutral,0.964,2026-02-16T11:03:55.726541,2026-02-16T11:04:01.362482,420605,420686,8122.193782437593,8125.028782449663,window_1
participant_03,2,day,Town10HD,42.49367141723633,64.21891784667969,0.001847343402914703,45.06401443481445,49.51469039916992,0.0018934248946607113,1.0,0.938,57,57,None,0.984,None,0.909,fear,0.449,fear,0.923,2026-02-16T11:04:06.653603,2026-02-16T11:04:10.377056,420763,420820,8127.723782461137,8129.71878246963,window_2
participant_03,2,day,Town10HD,80.00506591796875,25.418317794799805,0.0015047454508021474,94.13420867919922,25.41819190979004,0.0014828109415248036,1.0,1.0,84,85,None,0.992,pick_floor,0.997,neutral,0.929,neutral,0.685,2026-02-16T11:04:27.906021,2026-02-16T11:04:31.427096,421085,421139,8138.993782509118,8140.883782517165,window_1
participant_03,2,day,Town10HD,107.0671157836914,-12.09057331085205,0.001576652517542243,101.5483169555664,-35.75110626220703,0.0020149610936641693,1.0,1.0,83,70,None,0.995,pick_floor,0.986,neutral,0.722,fear,0.99,2026-02-16T11:04:39.616591,2026-02-16T11:04:43.002091,421264,421317,8145.258782535791,8147.113782543689,window_2
participant_03,2,day,Town10HD,32.78962707519531,-67.944580078125,0.0017823028611019254,24.14047622680664,-67.52638244628906,0.0014196013798937201,1.0,0.898,60,53,None,0.931,None,1.0,sad,0.811,sad,0.935,2026-02-16T11:05:00.258040,2026-02-16T11:05:06.956054,421583,421680,8156.423782583326,8159.81878259778,window_1
participant_03,2,day,Town10HD,-24.817001342773438,-68.31780242919922,0.0014125823508948088,-57.67791748046875,-68.66250610351562,0.0019194793421775103,1.0,1.0,67,63,None,0.986,pick_floor,0.928,sad,0.521,fear,0.998,2026-02-16T11:05:17.728360,2026-02-16T11:05:21.998587,421844,421913,8165.558782622218,8167.9737826325,window_2
participant_03,3,day,Town10HD,45.42109680175781,50.364646911621094,0.0020687102805823088,45.257972717285156,33.9367790222168,0.0020174789242446423,0.536,0.537,57,55,None,0.93,pick_floor,0.986,neutral,0.785,fear,0.937,2026-02-16T11:20:59.905586,2026-02-16T11:21:04.251625,470903,470962,9059.080479223281,9061.145479232073,window_2
participant_03,3,day,Town10HD,63.364959716796875,25.30467987060547,0.0017911148024722934,84.60338592529297,24.920196533203125,0.0019024276407435536,0.535,0.535,60,61,None,0.83,pick_floor,0.981,neutral,0.934,neutral,0.418,2026-02-16T11:21:09.637300,2026-02-16T11:21:13.468245,471037,471090,9063.770479243249,9065.625479251146,window_1
participant_03,3,day,Town10HD,84.06240844726562,-59.592533111572266,0.0018950653029605746,58.02888488769531,-65.85054016113281,0.0018764495616778731,0.457,0.334,71,61,None,0.859,pick_floor,0.994,neutral,0.574,fear,0.824,2026-02-16T11:21:29.583566,2026-02-16T11:21:33.605529,471321,471377,9073.710479285568,9075.670479293913,window_2
participant_03,3,day,Town10HD,10.733407974243164,-67.56592559814453,0.0018743895925581455,-25.72520637512207,-66.63198852539062,0.002016906626522541,0.25,0.257,58,62,None,0.852,pick_floor,0.995,neutral,0.91,sad,0.976,2026-02-16T11:21:40.805198,2026-02-16T11:21:46.092596,471476,471551,9079.135479308665,9081.76047931984,window_1
participant_03,3,day,Town10HD,-110.46257781982422,-16.909982681274414,0.0020572661887854338,-111.21302795410156,-0.6178542971611023,0.0014262008480727673,0.995,0.352,56,52,None,0.868,pick_floor,0.999,neutral,0.396,fear,0.998,2026-02-16T11:22:05.779907,2026-02-16T11:22:10.349173,471829,471892,9091.490479361266,9093.695479370654,window_2
participant_03,3,day,Town10HD,-102.71192169189453,22.53387451171875,0.0018143081106245518,-69.97328186035156,27.85700225830078,0.0018062591552734375,0.265,0.265,56,63,None,0.968,pick_floor,0.998,neutral,0.483,neutral,0.597,2026-02-16T11:22:15.600164,2026-02-16T11:22:22.005312,471958,472037,9096.005479380488,9098.77047939226,window_1
participant_03,3,day,Town10HD,40.638797760009766,41.84249496459961,0.0020956420339643955,40.97153854370117,55.28071975708008,0.0013697051908820868,0.398,0.398,52,50,None,0.912,pick_floor,0.998,neutral,0.937,fear,0.982,2026-02-16T11:22:42.339480,2026-02-16T11:22:46.534090,472302,472358,9108.045479431748,9110.005479440093,window_2
participant_03,3,day,Town10HD,56.3686408996582,70.24357604980469,0.0017082213889807463,88.66887664794922,69.57669067382812,0.0017798995831981301,0.367,0.366,53,66,None,0.942,pick_floor,0.975,fear,0.632,angry,0.816,2026-02-16T11:22:51.726594,2026-02-16T11:22:57.621912,472429,472511,9112.490479450673,9115.360479462892,window_1
participant_03,3,day,Town10HD,57.13709259033203,131.31277465820312,0.0019013213459402323,46.638465881347656,131.2618865966797,0.0016670989571139216,0.608,0.865,62,59,None,0.895,None,0.952,neutral,0.984,sad,0.963,2026-02-16T11:23:15.346688,2026-02-16T11:23:17.774550,472759,472791,9124.040479499847,9125.160479504615,window_2
participant_03,3,day,Town10HD,-0.2760515809059143,130.55384826660156,0.001779746962711215,-20.11384391784668,130.40301513671875,0.0017994308145716786,1.0,1.0,60,60,None,0.862,None,1.0,neutral,0.889,angry,0.496,2026-02-16T11:23:25.281288,2026-02-16T11:23:28.259992,472893,472934,9128.730479519814,9130.165479525924,window_1
participant_03,3,day,Town10HD,-19.998014450073242,69.25537109375,0.0017747115343809128,-0.21102748811244965,70.03883361816406,0.001950225792825222,0.467,0.467,57,56,None,0.864,pick_floor,0.999,neutral,0.74,angry,0.533,2026-02-16T11:23:47.380623,2026-02-16T11:23:51.141892,473186,473236,9138.985479563475,9140.735479570925,window_2
participant_03,3,day,Town10HD,16.026153564453125,70.11941528320312,0.0016304778400808573,27.67418098449707,69.69984436035156,0.001510086003690958,0.467,0.467,57,57,None,0.919,pick_floor,0.996,neutral,0.949,sad,0.963,2026-02-16T11:23:56.599699,2026-02-16T11:24:00.232597,473306,473354,9143.185479581356,9144.865479588509,window_1
participant_03,3,day,Town10HD,78.49736022949219,24.839820861816406,0.0017839813372120261,86.11883544921875,25.06365394592285,0.001300277654081583,0.556,0.47,51,49,None,0.911,pick_floor,1.0,neutral,0.815,fear,0.999,2026-02-16T11:24:25.002162,2026-02-16T11:24:28.551264,473702,473755,9157.045479640365,9158.900479648262,window_2
participant_03,3,day,Town10HD,104.4423828125,15.394102096557617,0.001764488173648715,104.74323272705078,-13.925293922424316,0.0017688750522211194,0.32,0.617,53,59,None,0.871,pick_floor,0.961,neutral,0.659,angry,0.489,2026-02-16T11:24:33.827032,2026-02-16T11:24:39.035194,473833,473908,9161.630479659885,9164.255479671061,window_1
participant_03,3,day,Town10HD,36.85285568237305,-66.89447021484375,0.0017353820148855448,20.456579208374023,-67.55084228515625,0.0019110488938167691,1.0,1.0,62,56,None,0.897,pick_floor,0.901,neutral,0.916,fear,0.61,2026-02-16T11:24:55.845899,2026-02-16T11:24:58.352454,474145,474179,9172.550479706377,9173.740479711443,window_2
participant_03,3,day,Town10HD,-20.18488311767578,-68.07244110107422,0.0017193984240293503,-20.696170806884766,-68.08265686035156,0.001728973351418972,0.631,0.64,53,51,None,0.881,pick_floor,0.994,neutral,0.962,neutral,0.531,2026-02-16T11:25:12.709975,2026-02-16T11:25:16.313714,474390,474444,9181.125479742885,9183.015479750931,window_1
participant_03,3,day,Town10HD,-21.350210189819336,-68.09283447265625,0.0017195892287418246,-21.37000846862793,-68.09314727783203,0.0017190170474350452,0.737,0.818,55,52,None,1.0,pick_floor,0.999,neutral,0.994,fear,0.981,2026-02-16T11:25:29.727640,2026-02-16T11:25:34.398323,474649,474719,9190.190479781479,9192.64047979191,window_2
participant_03,3,day,Town10HD,-53.560604095458984,-68.36650848388672,0.0015146255027502775,-69.50977325439453,-68.17102813720703,0.001674652099609375,0.789,0.764,58,57,None,0.949,None,0.91,neutral,0.733,neutral,0.891,2026-02-16T11:25:44.878938,2026-02-16T11:25:47.265645,474873,474910,9198.030479814857,9199.32547982037,window_1
participant_03,3,day,Town10HD,-110.24617004394531,-10.822256088256836,0.0018156814621761441,-110.5455322265625,-1.9805357456207275,0.0013330078218132257,0.409,0.378,50,48,None,0.919,pick_floor,0.999,sad,0.407,sad,0.93,2026-02-16T11:26:04.750557,2026-02-16T11:26:09.133980,475154,475214,9207.86547985673,9209.96547986567,window_2
participant_03,3,day,Town10HD,-94.68891143798828,25.868913650512695,0.0022288511972874403,-78.236572265625,28.511030197143555,0.0015048598870635033,0.418,0.418,54,60,None,0.961,pick_floor,0.995,fear,0.352,sad,0.949,2026-02-16T11:26:16.903738,2026-02-16T11:26:23.127251,475314,475391,9213.465479880571,9216.160479892045,window_1
participant_03,3,day,Town10HD,-3.4763739109039307,28.167875289916992,0.0019285964081063867,8.088205337524414,28.12882423400879,0.0019520187051966786,0.57,0.679,68,64,None,0.894,pick_floor,0.99,neutral,0.968,fear,0.673,2026-02-16T11:26:36.345205,2026-02-16T11:26:39.564926,475568,475612,9222.35547991842,9223.895479924977,window_2
participant_03,3,day,Town10HD,47.265350341796875,67.15924835205078,0.0017165755853056908,71.42842102050781,69.11183166503906,0.001966094831004739,0.359,0.529,59,56,None,0.94,pick_floor,0.999,neutral,0.821,neutral,0.761,2026-02-16T11:26:56.358428,2026-02-16T11:27:01.069719,475845,475912,9232.050479959697,9234.39547996968,window_1
participant_03,3,day,Town10HD,92.37026977539062,70.40697479248047,0.0017453384352847934,100.07061004638672,84.48922729492188,0.002045974601060152,0.671,0.72,57,60,None,0.969,pick_floor,0.993,fear,0.354,fear,0.992,2026-02-16T11:27:06.262440,2026-02-16T11:27:09.314363,475986,476031,9236.985479980707,9238.560479987413,window_2
participant_03,3,day,Town10HD,-9.938191413879395,130.26365661621094,0.001857757568359375,-30.12032699584961,129.54576110839844,0.002180671552196145,0.527,0.556,57,56,None,0.908,pick_floor,0.992,neutral,0.952,sad,0.877,2026-02-16T11:27:32.639443,2026-02-16T11:27:35.931878,476352,476398,9249.795480035245,9251.4054800421,window_1
participant_03,3,day,Town10HD,-41.90067672729492,108.83009338378906,0.0019642256665974855,-41.59221267700195,96.40151977539062,0.0020530319306999445,0.564,0.569,54,59,None,0.921,pick_floor,0.994,neutral,0.731,fear,0.98,2026-02-16T11:27:41.374817,2026-02-16T11:27:44.723188,476472,476517,9253.995480053127,9255.570480059832,window_2
participant_03,3,day,Town10HD,25.762306213378906,69.86922454833984,0.0018572997068986297,28.501834869384766,69.79027557373047,0.0015301513485610485,0.754,0.784,55,53,None,0.911,pick_floor,0.998,neutral,0.918,sad,0.614,2026-02-16T11:28:08.388451,2026-02-16T11:28:11.515629,476840,476884,9266.875480107963,9268.41548011452,window_1
participant_03,3,day,Town10HD,40.87725067138672,63.3922004699707,0.0012446974869817495,44.42477035522461,52.68496322631836,0.0019130324944853783,0.737,0.736,59,63,None,0.898,None,0.954,neutral,0.638,sad,0.994,2026-02-16T11:28:18.720942,2026-02-16T11:28:21.895149,476980,477024,9271.775480128825,9273.315480135381,window_2
participant_03,3,day,Town10HD,80.8387451171875,25.16946792602539,0.0017369078705087304,84.34103393554688,25.219188690185547,0.001496543874964118,0.821,0.813,55,53,None,0.898,pick_floor,0.994,neutral,0.56,angry,0.539,2026-02-16T11:28:46.507823,2026-02-16T11:28:49.679053,477383,477430,9285.880480188876,9287.52548019588,window_1
participant_03,3,day,Town10HD,103.92208862304688,13.311420440673828,0.001976356375962496,106.09072875976562,-4.457780838012695,0.0019084167433902621,0.772,0.78,55,57,None,1.0,pick_floor,0.998,neutral,0.92,fear,0.965,2026-02-16T11:28:54.897835,2026-02-16T11:28:58.145841,477510,477560,9290.3254802078,9292.075480215251,window_2
participant_03,3,day,Town10HD,24.90524673461914,-66.4013671875,0.0018784713465720415,2.808401346206665,-66.99897003173828,0.0019225310534238815,0.944,0.873,54,55,None,0.905,pick_floor,0.999,neutral,0.431,sad,0.494,2026-02-16T11:29:16.225836,2026-02-16T11:29:21.050779,477832,477903,9301.595480255783,9304.080480266362,window_1
participant_03,3,day,Town10HD,-14.22028923034668,-67.42949676513672,0.001652412349358201,-31.228187561035156,-68.15129089355469,0.0015441131545230746,0.908,0.908,55,60,None,0.95,pick_floor,0.999,sad,0.377,fear,0.913,2026-02-16T11:29:27.386719,2026-02-16T11:29:31.944460,477998,478066,9307.405480280519,9309.785480290651,window_2
participant_03,3,day,Town10HD,-110.91392517089844,-15.057723045349121,0.001815109164454043,-109.97481536865234,7.215824604034424,0.0015304184053093195,0.974,0.956,56,55,None,0.872,pick_floor,0.999,sad,0.393,neutral,0.609,2026-02-16T11:29:49.886090,2026-02-16T11:29:56.707814,478336,478435,9319.235480330884,9322.700480345637,window_1
participant_03,3,day,Town10HD,-82.02608489990234,24.48484230041504,0.0018050384242087603,-74.88463592529297,24.09027099609375,0.0017432784661650658,1.0,1.0,61,61,None,0.858,pick_floor,0.993,neutral,0.571,fear,0.943,2026-02-16T11:30:06.661466,2026-02-16T11:30:11.359516,478565,478625,9327.250480365008,9329.350480373949,window_2
participant_03,4,day,Town10HD,24.654176712036133,69.97819519042969,0.0017245864728465676,26.641183853149414,69.9221420288086,0.0012894057435914874,,0.629,56,56,None,0.977,pick_floor,0.903,neutral,0.88,sad,0.993,2026-02-17T08:16:32.818145,2026-02-17T08:16:37.403649,77873,77920,1024.9119742587209,1026.5569742657244,window_1
participant_03,4,day,Town10HD,35.40816879272461,67.84088134765625,0.0018476485274732113,43.15198516845703,61.23189926147461,0.0014752577990293503,0.641,0.646,54,59,None,0.97,pick_floor,0.978,neutral,0.605,fear,1.0,2026-02-17T08:16:42.588499,2026-02-17T08:16:47.240291,77972,78020,1028.376974273473,1030.0569742806256,window_2
participant_03,4,day,Town10HD,43.69403076171875,48.6312141418457,0.0017194747924804688,43.69403839111328,48.61012649536133,0.0017189024947583675,0.652,0.771,73,57,None,0.974,None,1.0,happy,0.997,sad,0.993,2026-02-17T08:17:02.737993,2026-02-17T08:17:10.351318,78183,78265,1035.7619743049145,1038.6319743171334,window_1
participant_03,4,day,Town10HD,43.69403839111328,48.60981369018555,0.0017192077357321978,50.99391555786133,33.240291595458984,0.003107910044491291,0.833,0.835,59,76,None,0.921,pick_floor,0.9,neutral,0.716,fear,0.981,2026-02-17T08:17:15.590704,2026-02-17T08:17:43.133509,78321,78608,1040.591974325478,1050.6369743682444,window_2
participant_01,1,day,Town10HD,44.48788833618164,42.601722717285156,0.001923255855217576,44.41728591918945,40.773643493652344,0.0017246627248823643,0.441,0.441,68,67,None,0.944,pick_floor,0.992,neutral,0.985,sad,0.993,2026-02-17T08:28:09.892828,2026-02-17T08:28:13.202295,46138,46187,76.38239232823253,78.0973923355341,window_2
participant_01,1,day,Town10HD,45.749691009521484,32.77117919921875,0.0015889358473941684,52.3130989074707,26.99958610534668,0.0019631576724350452,0.441,0.441,71,72,None,1.0,None,1.0,happy,0.993,fear,0.708,2026-02-17T08:28:18.643213,2026-02-17T08:28:20.572547,46269,46296,80.96739234775305,81.91239235177636,window_1
participant_01,1,day,Town10HD,-12.58596420288086,69.71733856201172,0.0015370177570730448,-3.0560860633850098,69.68854522705078,0.00203952775336802,0.397,0.227,75,72,None,0.952,pick_floor,0.997,angry,0.737,sad,0.504,2026-02-17T08:28:38.535085,2026-02-17T08:28:41.455005,46570,46611,91.50239239260554,92.93739239871502,window_2
participant_01,1,day,Town10HD,12.70741081237793,69.343994140625,0.001845130929723382,18.585073471069336,69.13615417480469,0.0018033599480986595,0.025,0.03,74,77,None,1.0,pick_floor,0.887,happy,0.997,angry,0.942,2026-02-17T08:28:47.916019,2026-02-17T08:28:51.230501,46706,46755,96.26239241287112,97.97739242017269,window_1
participant_01,1,day,Town10HD,63.07936477661133,24.968889236450195,0.002143707126379013,63.07988739013672,24.968950271606445,0.001720161410048604,0.03,0.03,76,76,None,1.0,pick_floor,0.998,neutral,0.999,sad,0.964,2026-02-17T08:29:13.624143,2026-02-17T08:29:15.929167,47089,47126,109.66739246994257,110.962392475456,window_2
participant_01,1,day,Town10HD,63.60063171386719,24.971805572509766,0.0013367461506277323,70.26978302001953,24.97458267211914,0.0016662979032844305,0.03,0.03,76,76,None,0.943,None,0.908,happy,0.669,fear,0.975,2026-02-17T08:29:21.253530,2026-02-17T08:29:23.757081,47213,47253,114.00739248842001,115.40739249438047,window_1
participant_01,1,day,Town10HD,96.88135528564453,-52.16678237915039,0.0018127822550013661,84.86431121826172,-61.52280807495117,0.0021342849358916283,0.03,0.03,76,76,None,0.936,pick_floor,0.989,happy,0.942,sad,1.0,2026-02-17T08:29:47.923020,2026-02-17T08:29:50.347931,47643,47681,129.057392552495,130.38739255815744,window_2
participant_01,1,day,Town10HD,56.2510871887207,-66.47369384765625,0.0017313002608716488,42.915706634521484,-66.60195922851562,0.0019577406346797943,0.03,0.03,76,76,None,1.0,None,0.915,neutral,0.99,angry,0.862,2026-02-17T08:29:55.508700,2026-02-17T08:29:57.340678,47760,47788,133.15239256992936,134.1323925741017,window_1
participant_01,1,day,Town10HD,-20.80493927001953,-64.79242706298828,0.0017231750534847379,-20.858654022216797,-64.7910385131836,0.0017204665346071124,0.083,0.191,68,68,None,0.894,None,1.0,neutral,1.0,sad,0.988,2026-02-17T08:30:19.166519,2026-02-17T08:30:21.217796,48137,48171,146.34739262610674,147.53739263117313,window_2
participant_01,1,day,Town10HD,-23.179264068603516,-64.78040313720703,0.0017628096975386143,-24.36797332763672,-64.7872314453125,0.0017431640299037099,0.433,0.466,65,67,None,0.879,None,0.925,neutral,0.998,angry,0.999,2026-02-17T08:30:26.523581,2026-02-17T08:30:28.721241,48257,48293,150.54739264398813,151.80739264935255,window_1
participant_01,1,day,Town10HD,-109.88764190673828,-22.60518455505371,0.0018019865965470672,-110.06117248535156,-18.997596740722656,0.0017271422548219562,0.574,0.574,71,71,None,1.0,pick_floor,0.994,neutral,0.998,sad,0.979,2026-02-17T08:30:50.828022,2026-02-17T08:30:54.656062,48650,48711,164.3023927025497,166.4373927116394,window_2
participant_01,1,day,Town10HD,-110.06895446777344,-18.794219970703125,0.0014263534685596824,-110.32173919677734,-13.130324363708496,0.0017061233520507812,0.574,0.574,71,71,None,1.0,None,1.0,neutral,0.998,angry,0.924,2026-02-17T08:31:00.114751,2026-02-17T08:31:02.390971,48794,48830,169.34239272400737,170.6023927293718,window_1
participant_01,1,day,Town10HD,-20.08399772644043,27.751312255859375,0.0017483519623056054,-7.140695571899414,27.914358139038086,0.0021525954362004995,0.594,0.601,68,68,None,1.0,None,1.0,neutral,0.991,happy,0.957,2026-02-17T08:31:28.523482,2026-02-17T08:31:30.307702,49211,49239,183.9373927861452,184.91739279031754,window_2
participant_01,1,day,Town10HD,19.1632022857666,28.27158546447754,0.002072906354442239,26.311161041259766,28.136308670043945,0.0017846679547801614,0.534,0.513,67,68,None,1.0,None,1.0,neutral,0.906,angry,0.999,2026-02-17T08:31:35.465394,2026-02-17T08:31:37.603123,49317,49351,187.64739280194044,188.83739280700684,window_1
participant_01,1,day,Town10HD,40.8527717590332,51.93565368652344,0.0012917709536850452,41.48390579223633,58.81012725830078,0.0018797301454469562,0.675,0.648,69,70,None,1.0,pick_floor,0.877,neutral,0.999,sad,1.0,2026-02-17T08:31:57.603198,2026-02-17T08:31:59.900623,49665,49701,199.82739285379648,201.0873928591609,window_2
participant_01,1,day,Town10HD,95.20914459228516,73.50305938720703,0.0019367981003597379,100.78559112548828,84.5253677368164,0.0017256163991987705,0.79,0.851,75,72,None,1.0,pick_floor,0.954,neutral,0.988,angry,0.886,2026-02-17T08:32:11.280630,2026-02-17T08:32:13.789164,49881,49919,207.387392885983,208.71739289164543,window_1
participant_01,1,day,Town10HD,8.160414695739746,131.129150390625,0.001937446533702314,-11.507352828979492,130.7978973388672,0.0019879532046616077,0.413,0.29,74,74,None,0.916,pick_floor,0.929,neutral,0.793,sad,1.0,2026-02-17T08:32:31.264695,2026-02-17T08:32:34.908601,50193,50250,218.3073929324746,220.30239294096828,window_2
participant_01,1,day,Town10HD,-42.38260269165039,108.05675506591797,0.0019339751452207565,-42.36910629272461,95.78422546386719,0.0020165634341537952,0.332,0.333,76,74,None,1.0,None,1.0,happy,0.824,fear,0.752,2026-02-17T08:32:42.356669,2026-02-17T08:32:44.033312,50365,50391,224.3273929581046,225.2373929619789,window_1
participant_01,1,day,Town10HD,25.177297592163086,69.71942138671875,0.0017703628400340676,25.652910232543945,69.70752716064453,0.0016061400528997183,0.455,0.433,72,72,None,1.0,None,1.0,fear,0.998,sad,1.0,2026-02-17T08:33:05.255182,2026-02-17T08:33:07.218845,50711,50740,236.43739300966263,237.45239301398396,window_2
participant_01,1,day,Town10HD,44.85886001586914,48.99945068359375,0.002194747794419527,45.2847900390625,38.88885498046875,0.002115135081112385,0.176,0.17,74,76,None,1.0,None,1.0,neutral,0.987,fear,0.968,2026-02-17T08:33:13.673460,2026-02-17T08:33:15.721153,50842,50875,241.02239302918315,242.17739303410053,window_1
participant_01,1,day,Town10HD,78.39991760253906,24.96973991394043,0.0017199707217514515,78.39991760253906,24.96973991394043,0.0017199707217514515,0.323,0.398,71,71,None,0.948,None,1.0,neutral,0.362,sad,0.817,2026-02-17T08:33:34.432542,2026-02-17T08:33:36.720704,51182,51222,252.9223930798471,254.32239308580756,window_2
participant_01,1,day,Town10HD,88.80445861816406,24.457183837890625,0.0014675521524623036,103.20619201660156,12.01959228515625,0.0019853971898555756,0.331,0.343,71,73,None,0.967,pick_floor,0.929,neutral,0.988,angry,0.998,2026-02-17T08:33:48.954602,2026-02-17T08:33:51.970582,51436,51486,261.81239311769605,263.5623931251466,window_1
participant_01,1,day,Town10HD,91.65706634521484,-56.05436325073242,0.0018587493104860187,77.47750091552734,-63.87262725830078,0.0019722366705536842,0.324,0.324,73,75,None,1.0,None,1.0,neutral,0.991,neutral,0.916,2026-02-17T08:34:02.400360,2026-02-17T08:34:04.485532,51664,51698,269.7923931516707,270.9823931567371,window_2
participant_01,1,day,Town10HD,-19.23335838317871,-67.34883880615234,0.00178356165997684,-20.663312911987305,-67.40851593017578,0.0017631149385124445,0.237,0.225,71,71,None,0.928,None,0.938,neutral,0.961,fear,0.624,2026-02-17T08:34:23.531842,2026-02-17T08:34:25.055872,52005,52031,281.72739320248365,282.63739320635796,window_1
participant_01,1,day,Town10HD,-23.010995864868164,-67.46403503417969,0.0017295455327257514,-23.352985382080078,-67.4709243774414,0.0017247009091079235,0.192,0.194,71,73,None,0.903,pick_floor,0.953,neutral,1.0,sad,1.0,2026-02-17T08:34:30.920783,2026-02-17T08:34:33.283822,52129,52172,286.0673932209611,287.5723932273686,window_2
participant_01,1,day,Town10HD,-110.38980102539062,-13.233102798461914,0.0023899078369140625,-110.38970184326172,-13.2323579788208,0.0017197036650031805,0.587,0.689,69,70,None,1.0,None,1.0,fear,0.533,angry,0.967,2026-02-17T08:34:57.514009,2026-02-17T08:34:59.959964,52577,52616,301.7473932877183,303.11239329352975,window_1
participant_01,1,day,Town10HD,-110.38970184326172,-13.2323579788208,0.0017197036650031805,-110.38970184326172,-13.2323579788208,0.0017197036650031805,0.669,0.777,72,77,None,0.94,None,0.949,neutral,0.998,neutral,0.99,2026-02-17T08:35:07.279483,2026-02-17T08:35:09.815635,52730,52770,307.1023933105171,308.50239331647754,window_2
participant_01,1,day,Town10HD,-94.35545349121094,24.186717987060547,0.0020991514902561903,-86.72077178955078,24.55278205871582,0.0020939635578542948,0.269,0.271,69,69,None,1.0,None,1.0,neutral,0.996,sad,0.698,2026-02-17T08:35:34.939968,2026-02-17T08:35:36.593094,53159,53182,322.11739337444305,322.9223933778703,window_1
participant_01,1,day,Town10HD,-73.04043579101562,24.38463592529297,0.001838417025282979,-71.06719207763672,24.355249404907227,0.0017858505016192794,0.282,0.282,72,73,None,1.0,None,0.917,happy,0.658,fear,0.714,2026-02-17T08:35:41.785312,2026-02-17T08:35:43.378114,53257,53281,325.5473933890462,326.38739339262247,window_2
participant_01,1,day,Town10HD,-69.36804962158203,24.3204345703125,0.0017190170474350452,-69.36475372314453,24.320375442504883,0.0017185591859743,0.244,0.256,72,73,None,0.879,None,0.949,neutral,1.0,neutral,0.999,2026-02-17T08:36:03.136080,2026-02-17T08:36:04.846555,53586,53612,337.062393438071,337.9723934419453,window_1
participant_01,1,day,Town10HD,-69.35733032226562,24.32032585144043,0.0017189024947583675,-69.35702514648438,24.32032585144043,0.0017192077357321978,0.277,0.285,76,74,None,1.0,pick_floor,0.943,neutral,0.916,sad,0.994,2026-02-17T08:36:12.614715,2026-02-17T08:36:15.271330,53733,53773,342.2073934599757,343.6073934659362,window_2
participant_01,1,day,Town10HD,31.915956497192383,27.438100814819336,0.002169380197301507,37.138919830322266,31.18009376525879,0.0021132277324795723,0.422,0.429,73,73,None,0.958,None,1.0,neutral,0.999,fear,0.85,2026-02-17T08:36:33.670326,2026-02-17T08:36:35.354610,54050,54075,353.3023935072124,354.1773935109377,window_1
participant_01,1,day,Town10HD,40.51336669921875,49.845306396484375,0.0017280959291383624,40.51017761230469,50.16471481323242,0.0017234039260074496,0.473,0.472,79,77,None,1.0,pick_floor,0.986,sad,0.963,sad,1.0,2026-02-17T08:36:49.987948,2026-02-17T08:36:53.123510,54303,54352,362.15739354491234,363.8723935522139,window_2
participant_01,1,day,Town10HD,87.07997131347656,70.01988983154297,0.0015567016089335084,97.67778015136719,76.15179443359375,0.001988983014598489,0.462,0.462,72,70,None,1.0,pick_floor,0.98,neutral,0.744,angry,0.831,2026-02-17T08:37:07.574655,2026-02-17T08:37:09.893371,54588,54627,372.13239358738065,373.4973935931921,window_1
participant_01,1,day,Town10HD,76.1982421875,129.2842254638672,0.001942863455042243,50.599891662597656,132.76370239257812,0.0015865325694903731,0.464,0.461,73,73,None,1.0,pick_floor,0.991,neutral,0.999,sad,1.0,2026-02-17T08:37:19.255852,2026-02-17T08:37:22.978216,54782,54839,378.9223936162889,380.91739362478256,window_2
participant_01,1,day,Town10HD,-11.628445625305176,132.68638610839844,0.001316337613388896,-25.094390869140625,131.89199829101562,0.0019174575572833419,0.51,0.527,77,77,None,0.872,None,0.951,angry,0.628,angry,1.0,2026-02-17T08:37:34.937526,2026-02-17T08:37:36.870188,55033,55064,387.7073936536908,388.7923936583102,window_1
participant_01,2,day,Town10HD,22.160036087036133,69.9693603515625,0.001560096861794591,27.187313079833984,70.00342559814453,0.001763191306963563,,,72,72,None,1.0,None,1.0,neutral,1.0,fear,0.707,2026-02-17T08:50:47.521677,2026-02-17T08:50:50.143287,98879,98916,1141.3928437530994,1142.6878437586129,window_1
participant_01,2,day,Town10HD,42.41484451293945,62.04503631591797,0.002296371152624488,45.218177795410156,55.85297775268555,0.0020032881293445826,,,72,72,None,0.928,pick_floor,0.982,sad,0.795,sad,0.886,2026-02-17T08:50:55.261501,2026-02-17T08:50:57.503679,98986,99017,1145.1378437690437,1146.222843773663,window_2
participant_01,2,day,Town10HD,74.04198455810547,24.823532104492188,0.001752395648509264,75.11865234375,24.82283592224121,0.001737136859446764,,0.669,72,71,None,1.0,None,1.0,neutral,1.0,angry,0.997,2026-02-17T08:51:15.469596,2026-02-17T08:51:18.228933,99279,99321,1155.392843812704,1156.8628438189626,window_1
participant_01,2,day,Town10HD,100.72600555419922,21.51892852783203,0.002674560295417905,107.13832092285156,5.867340564727783,0.0016592027386650443,0.601,0.601,70,70,None,0.962,pick_floor,0.999,sad,0.995,sad,0.977,2026-02-17T08:51:24.839529,2026-02-17T08:51:27.781880,99422,99466,1160.3978438340127,1161.9378438405693,window_2
participant_01,2,day,Town10HD,7.224181175231934,-65.4332275390625,0.0020838927011936903,-1.1292015314102173,-65.30699920654297,0.001838264288380742,0.601,0.601,70,70,None,1.0,None,1.0,fear,0.988,angry,1.0,2026-02-17T08:51:50.398643,2026-02-17T08:51:53.076403,99807,99849,1173.8728438913822,1175.3428438976407,window_1
participant_01,2,day,Town10HD,-15.5275297164917,-64.97168731689453,0.0017718503950163722,-19.577301025390625,-65.01612854003906,0.0018291090382263064,0.601,0.601,70,70,None,1.0,pick_floor,0.952,sad,0.782,sad,0.905,2026-02-17T08:51:58.304846,2026-02-17T08:52:00.431526,99930,99964,1178.1778439097106,1179.367843914777,window_2
participant_01,2,day,Town10HD,-109.11286926269531,-34.04897689819336,0.0017813872545957565,-110.6471939086914,-18.7106990814209,0.0017148591578006744,0.507,0.439,67,67,None,0.922,None,1.0,fear,0.505,fear,0.895,2026-02-17T08:52:25.071833,2026-02-17T08:52:27.653997,100355,100392,1193.0528439730406,1194.347843978554,window_1
participant_01,2,day,Town10HD,-108.98155212402344,12.603763580322266,0.0021726605482399464,-103.08190155029297,21.221254348754883,0.0017766952514648438,0.385,0.399,68,69,None,0.942,None,1.0,fear,0.999,sad,1.0,2026-02-17T08:52:32.696189,2026-02-17T08:52:35.391967,100465,100503,1196.9028439894319,1198.2328439950943,window_2
participant_01,2,day,Town10HD,-70.2119369506836,24.200857162475586,0.0017186736222356558,-70.21183776855469,24.200851440429688,0.0017186736222356558,0.878,0.824,71,73,None,0.951,None,1.0,fear,0.98,fear,0.906,2026-02-17T08:52:56.469195,2026-02-17T08:52:58.073644,100786,100809,1208.1378440372646,1208.9428440406919,window_1
participant_01,2,day,Town10HD,-70.21134948730469,24.200836181640625,0.0017188644269481301,-70.21121978759766,24.200836181640625,0.0017187880584970117,0.831,0.898,77,76,None,1.0,None,1.0,neutral,1.0,happy,0.976,2026-02-17T08:53:03.564948,2026-02-17T08:53:05.309248,100884,100908,1211.5678440518677,1212.407844055444,window_2
participant_01,2,day,Town10HD,39.35573959350586,36.003631591796875,0.002000274369493127,40.52930450439453,43.84967803955078,0.0020576093811541796,0.463,0.466,68,68,None,1.0,None,1.0,neutral,0.694,fear,0.964,2026-02-17T08:53:27.674164,2026-02-17T08:53:29.849194,101231,101263,1223.7128441035748,1224.8328441083431,window_1
participant_01,2,day,Town10HD,40.452335357666016,51.99100875854492,0.0018002318684011698,40.53190994262695,54.474788665771484,0.001539993449114263,0.482,0.482,69,71,None,1.0,pick_floor,0.998,fear,0.991,sad,1.0,2026-02-17T08:53:35.164103,2026-02-17T08:53:37.667513,101343,101381,1227.632844120264,1228.9628441259265,window_2
participant_01,2,day,Town10HD,52.71585464477539,132.0760040283203,0.001909446669742465,40.28208923339844,132.34573364257812,0.0018013381632044911,0.502,0.502,72,71,None,0.909,None,1.0,neutral,1.0,fear,0.989,2026-02-17T08:54:03.716968,2026-02-17T08:54:05.556836,101783,101809,1243.0328441858292,1243.9428441897035,window_1
participant_01,2,day,Town10HD,7.445677757263184,133.7390594482422,0.002131690736860037,-1.8199633359909058,133.8583526611328,0.0017647931817919016,0.502,0.503,72,73,None,1.0,pick_floor,0.982,neutral,0.998,neutral,0.788,2026-02-17T08:54:10.753653,2026-02-17T08:54:13.363788,101883,101923,1246.5328442007303,1247.9328442066908,window_2
participant_01,2,day,Town10HD,-19.090776443481445,133.7975616455078,0.0015441898722201586,-34.41946029663086,131.2217254638672,0.001761093270033598,0.688,0.472,74,69,None,1.0,pick_floor,0.903,fear,0.966,angry,0.995,2026-02-17T08:54:32.847282,2026-02-17T08:54:35.821061,102236,102284,1258.8878442533314,1260.567844260484,window_1
participant_01,2,day,Town10HD,-39.7145881652832,73.38870239257812,0.0018442153232172132,-27.170270919799805,68.7427749633789,0.0019325254252180457,0.462,0.462,75,75,reach_back,0.886,None,1.0,fear,0.999,fear,0.971,2026-02-17T08:54:47.040278,2026-02-17T08:54:49.849525,102448,102487,1266.3078442849219,1267.6728442907333,window_2
participant_01,2,day,Town10HD,17.738868713378906,69.83637237548828,0.0017428207211196423,18.841888427734375,69.84850311279297,0.0017377090407535434,0.512,0.529,70,69,None,1.0,reach_back,0.902,neutral,0.976,angry,1.0,2026-02-17T08:55:07.189420,2026-02-17T08:55:10.217393,102743,102790,1276.6328443288803,1278.2778443358839,window_1
participant_01,2,day,Town10HD,38.25602722167969,63.06721115112305,0.0015506366034969687,44.81809616088867,54.58525085449219,0.0018355560023337603,0.524,0.524,69,72,None,1.0,None,0.908,fear,1.0,sad,1.0,2026-02-17T08:55:18.420513,2026-02-17T08:55:20.081926,102910,102937,1282.4778443537652,1283.4228443577886,window_2
participant_01,2,day,Town10HD,77.93235778808594,25.168764114379883,0.0017313002608716488,78.3072280883789,25.15726661682129,0.0017256163991987705,0.625,0.675,69,69,None,1.0,pick_floor,0.87,neutral,0.848,fear,0.679,2026-02-17T08:55:40.569416,2026-02-17T08:55:42.859338,103265,103304,1294.9028444066644,1296.2678444124758,window_1
participant_01,2,day,Town10HD,105.78933715820312,12.924654006958008,0.0018328475998714566,107.07730102539062,-7.153177738189697,0.001969108358025551,0.764,0.76,71,73,None,1.0,pick_floor,0.986,neutral,1.0,sad,0.999,2026-02-17T08:55:49.716474,2026-02-17T08:55:52.395600,103416,103459,1300.1878444291651,1301.6928444355726,window_2
participant_01,2,day,Town10HD,18.79308319091797,-65.13381958007812,0.00210273708216846,11.224266052246094,-64.9871597290039,0.002038078149780631,0.76,0.761,72,73,None,1.0,None,1.0,happy,0.645,fear,0.916,2026-02-17T08:56:10.065876,2026-02-17T08:56:12.018675,103737,103768,1311.4228444769979,1312.5078444816172,window_1
participant_01,2,day,Town10HD,-56.55677795410156,-66.00533294677734,0.0017367172986268997,-84.36302185058594,-64.08004760742188,0.00206630676984787,0.603,0.466,76,74,None,1.0,pick_floor,0.999,neutral,1.0,angry,0.898,2026-02-17T08:56:25.622971,2026-02-17T08:56:29.292922,103991,104053,1320.3128445148468,1322.4828445240855,window_2
participant_01,2,day,Town10HD,-109.68954467773438,-27.367136001586914,0.0020502470433712006,-110.11167907714844,-22.255599975585938,0.001831931876949966,0.428,0.428,72,75,None,1.0,None,1.0,happy,0.997,angry,0.683,2026-02-17T08:56:37.692043,2026-02-17T08:56:39.904716,104186,104220,1327.137844543904,1328.3278445489705,window_1
participant_01,2,day,Town10HD,-110.34342193603516,-7.392319202423096,0.0015632249414920807,-110.36509704589844,-4.883967399597168,0.0015696717891842127,0.512,0.528,67,66,None,0.976,None,1.0,neutral,1.0,sad,0.774,2026-02-17T08:57:00.856602,2026-02-17T08:57:02.759147,104545,104575,1339.7028445973992,1340.7528446018696,window_2
participant_01,2,day,Town10HD,-104.83639526367188,19.701250076293945,0.0017286683432757854,-90.05789184570312,23.31879997253418,0.0017769241239875555,0.554,0.56,69,70,None,1.0,None,1.0,neutral,0.998,fear,0.999,2026-02-17T08:57:07.871799,2026-02-17T08:57:10.126908,104652,104684,1343.4478446133435,1344.5678446181118,window_1
participant_01,2,day,Town10HD,33.38521957397461,28.82227897644043,0.0019010159885510802,33.48678970336914,28.853246688842773,0.0017215728294104338,0.563,0.563,78,78,None,1.0,None,1.0,neutral,0.999,neutral,0.841,2026-02-17T08:57:35.222738,2026-02-17T08:57:37.423312,105059,105093,1357.6928446739912,1358.8828446790576,window_2
participant_01,2,day,Town10HD,36.0282096862793,30.141876220703125,0.0017498397501185536,36.05148696899414,30.1602783203125,0.0017219543224200606,0.563,0.563,77,74,None,1.0,None,1.0,sad,0.924,fear,0.545,2026-02-17T08:57:44.116620,2026-02-17T08:57:45.855024,105198,105225,1362.5578446947038,1363.5028446987271,window_1
participant_01,2,day,Town10HD,81.0446548461914,69.73763275146484,0.001747779780998826,81.77861785888672,69.73857879638672,0.0017372131114825606,0.844,0.79,74,71,None,1.0,None,1.0,sad,0.697,happy,0.823,2026-02-17T08:58:12.410311,2026-02-17T08:58:14.219702,105646,105677,1378.237844761461,1379.3228447660804,window_2
participant_01,2,day,Town10HD,95.137451171875,74.05719757080078,0.0015835955273360014,100.365478515625,86.20724487304688,0.0018655394669622183,0.716,0.696,73,72,None,0.944,None,1.0,neutral,0.999,fear,0.6,2026-02-17T08:58:19.378683,2026-02-17T08:58:21.194320,105760,105790,1382.2278447784483,1383.2778447829187,window_1
participant_01,2,day,Town10HD,-7.238158226013184,132.78915405273438,0.002112998627126217,-11.138232231140137,132.76243591308594,0.001763267326168716,0.675,0.696,74,74,None,0.971,None,1.0,neutral,0.999,sad,0.962,2026-02-17T08:58:40.752339,2026-02-17T08:58:42.464635,106095,106115,1393.9528448283672,1394.6528448313475,window_2
participant_01,2,day,Town10HD,-42.13864517211914,119.08319091796875,0.001846694853156805,-43.47346115112305,102.88663482666016,0.00196636188775301,0.635,0.581,72,70,None,1.0,None,1.0,neutral,0.998,angry,0.999,2026-02-17T08:58:50.423875,2026-02-17T08:58:53.276490,106241,106284,1399.062844850123,1400.5678448565304,window_1
participant_01,2,day,Town10HD,12.243178367614746,69.87751007080078,0.0017198564019054174,19.38941764831543,69.92343139648438,0.0017032624455168843,0.709,0.669,70,70,None,1.0,None,1.0,neutral,1.0,sad,1.0,2026-02-17T08:59:11.289259,2026-02-17T08:59:12.890694,106549,106573,1409.8428448960185,1410.6828448995948,window_2
participant_01,2,day,Town10HD,62.19411849975586,25.874330520629883,0.0017977140378206968,67.69928741455078,25.31717872619629,0.0017786026000976562,0.756,0.777,74,72,None,0.891,None,1.0,neutral,0.988,angry,1.0,2026-02-17T08:59:27.993541,2026-02-17T08:59:31.334389,106809,106865,1418.9428449347615,1420.9028449431062,window_1
participant_01,2,day,Town10HD,68.52556610107422,25.254911422729492,0.0017193603562191129,68.52556610107422,25.254911422729492,0.0017193603562191129,0.911,0.938,75,74,None,1.0,pick_floor,0.998,sad,0.911,sad,1.0,2026-02-17T08:59:45.107820,2026-02-17T08:59:47.790980,107096,107142,1428.9878449775279,1430.5978449843824,window_2
participant_01,2,day,Town10HD,98.28056335449219,23.165170669555664,0.002652473282068968,104.66807556152344,15.022893905639648,0.001830749330110848,0.763,0.783,73,73,None,1.0,pick_floor,0.902,neutral,0.875,angry,1.0,2026-02-17T08:59:57.456787,2026-02-17T09:00:00.937043,107298,107355,1436.0578450076282,1438.0528450161219,window_1
participant_01,2,day,Town10HD,101.62633514404297,-44.75028610229492,0.002019614912569523,95.04298400878906,-52.05839157104492,0.0020151135977357626,0.864,0.777,77,76,None,0.944,None,0.982,fear,0.691,neutral,0.98,2026-02-17T09:00:12.840379,2026-02-17T09:00:14.338617,107550,107575,1444.8778450451791,1445.7528450489044,window_2
