user_id,run_id,weather,map_name,error_type,model_pred,model_prob,emotion_label,emotion_prob,speed_kmh,timestamp,frame,sim_time_seconds,x,y,z,road_id,lane_id,details,steer_angle_deg
participant_03,1,day,Town10HD,Stop sign violation,,0.893,neutral,0.445,17.026,2026-02-16 09:36:02.299658,250657,4380.334401831031,27.981508255004883,70.09781646728516,0.0012748722219839,150,1,stop_sign_id=1067,
participant_03,1,day,Town10HD,Harsh braking,,0.972,neutral,0.836,13.308,2026-02-16 09:43:26.266638,257144,4607.379402797669,40.69561767578125,51.2861328125,0.001935729640536,9,1,decel_mps2=4.190,
participant_03,1,day,Town10HD,Harsh braking,,0.932,neutral,0.455,38.51,2026-02-16 09:44:55.518516,258540,4656.239403005689,-3.02746844291687,130.62808227539062,0.0022860711906105,4,-2,decel_mps2=6.648,
participant_03,2,day,Town10HD,Stop sign violation,,0.891,neutral,0.693,16.182,2026-02-16 09:59:19.493011,303884,5463.09156466648,28.043354034423828,70.06729125976562,0.0013881304766982,150,1,stop_sign_id=1067,
participant_03,2,day,Town10HD,Harsh braking,,0.911,neutral,0.835,19.143,2026-02-16 10:00:01.190026,304463,5483.356564752758,83.2303237915039,25.33235740661621,0.001739730942063,630,-1,decel_mps2=4.437,
participant_03,2,day,Town10HD,Solid line crossing,,0.882,angry,0.358,32.294,2026-02-16 10:03:40.517829,307509,5589.966565206647,-28.501728057861328,69.23546600341797,0.0018097305437549,900,-1,SolidSolid,
participant_03,2,day,Town10HD,Stop sign violation,,0.985,sad,0.377,19.212,2026-02-16 10:04:03.207247,307824,5600.991565253586,28.079185485839844,70.13834381103516,0.0016016009030863,150,1,stop_sign_id=1067,
participant_03,2,day,Town10HD,Harsh braking,,0.907,neutral,0.429,26.293,2026-02-16 10:06:15.105115,309776,5669.311565544456,-94.23404693603516,24.760507583618164,0.0017865371191874,795,-1,decel_mps2=3.531,
participant_03,2,day,Town10HD,Harsh braking,,0.97,neutral,0.404,20.542,2026-02-16 10:07:03.831183,310447,5692.796565644443,40.6551399230957,49.79525375366211,0.0021363063715398,9,1,decel_mps2=32.883,
participant_03,3,day,Town10HD,Stop sign violation,,0.945,neutral,0.429,18.835,2026-02-16 10:13:12.467918,323109,5971.258537650108,28.006010055541992,70.0685806274414,0.0015594863798469,150,1,stop_sign_id=1067,
participant_03,3,day,Town10HD,Solid line crossing,,0.906,neutral,0.475,34.145,2026-02-16 10:17:41.032130,326833,6101.598538205028,-25.69564819335937,69.089599609375,0.0018291091546416,12,1,SolidSolid,
participant_03,3,day,Town10HD,Stop sign violation,,0.92,neutral,0.392,18.611,2026-02-16 10:17:59.518631,327085,6110.4185382425785,27.97077751159668,70.08781433105469,0.0014302062336355,150,1,stop_sign_id=1067,
participant_03,3,day,Town10HD,Harsh braking,,0.882,neutral,0.418,33.902,2026-02-16 10:19:33.390342,328493,6159.698538452387,-110.79164123535156,-13.564706802368164,0.0022882842458784,6,1,decel_mps2=6.557,
participant_03,3,day,Town10HD,Harsh braking,,0.937,neutral,0.36,23.853,2026-02-16 10:20:54.682627,329629,6199.458538621664,40.52571105957031,48.47239303588867,0.0021794128697365,9,1,decel_mps2=4.878,
participant_03,3,day,Town10HD,Red light violation,,0.896,neutral,0.706,42.558,2026-02-16 10:21:47.560806,330409,6226.758538737893,-27.032649993896484,130.30946350097656,0.0021848296746611,4,-2,traffic_light_id=45,
participant_03,3,day,Town10HD,Stop sign violation,,0.942,angry,0.391,19.244,2026-02-16 10:22:22.669143,330905,6244.118538811803,27.98903083801269,69.95243835449219,0.0016889952821657,150,1,stop_sign_id=1067,
participant_03,3,day,Town10HD,Solid line crossing,,0.922,neutral,0.62,15.644,2026-02-16 10:22:41.721148,331191,6254.12853885442,71.32088470458984,24.58699989318848,0.0016683959402143,21,-1,Solid,
participant_03,4,day,Town10HD,Stop sign violation,,0.965,neutral,0.825,14.274,2026-02-17 07:49:31.009269,46468,81.53714382275939,27.91245079040528,69.91537475585938,0.0015055084368214,150,1,stop_sign_id=1067,
participant_03,4,day,Town10HD,Harsh braking,,0.898,neutral,0.471,28.329,2026-02-17 07:54:26.856695,50849,234.8721444755793,9.367091178894045,-68.04973602294922,0.0019766616169363,10,-2,decel_mps2=4.578,
participant_03,4,day,Town10HD,Solid line crossing,,0.936,neutral,0.471,25.73,2026-02-17 07:54:27.540582,50860,235.2571444772184,6.423316478729248,-68.30412292480469,0.0048694610595703,17,-2,Solid,
participant_03,4,day,Town10HD,Solid line crossing,,0.902,neutral,0.598,14.416,2026-02-17 07:54:31.441145,50921,237.3921444863081,-1.9926601648330688,-68.94685363769531,0.001565437298268,17,-2,Solid,
participant_03,4,day,Town10HD,Harsh braking,,0.943,neutral,0.865,11.07,2026-02-17 07:54:36.912309,51006,240.36714449897408,-16.21603775024414,-67.96607971191406,0.0019437407609075,7,2,decel_mps2=137.839,
participant_03,4,day,Town10HD,Stop sign violation,,1.0,neutral,0.433,19.315,2026-02-17 07:56:39.011935,52862,305.32714477553964,40.69173812866211,54.35302734375,0.0015381622361019,152,1,stop_sign_id=1062,
participant_03,5,day,Town10HD,Stop sign violation,,0.919,neutral,0.935,19.591,2026-02-17 08:01:28.736800,59523,497.3865340948105,28.198699951171875,70.09453582763672,0.001585769932717,150,1,stop_sign_id=1067,
participant_03,5,day,Town10HD,Harsh braking,,0.926,neutral,0.728,13.453,2026-02-17 08:02:09.357220,60116,518.1415341831744,80.22772979736328,24.99863243103028,0.0021498103160411,21,-1,decel_mps2=27.072,
participant_03,5,day,Town10HD,Stop sign violation,,0.928,neutral,0.538,12.018,2026-02-17 08:05:17.268923,62921,616.316534601152,40.84692001342773,54.27788925170898,0.0019567485433071,152,1,stop_sign_id=1062,
participant_03,5,day,Town10HD,Stop sign violation,,0.974,neutral,0.561,21.201,2026-02-17 08:06:40.100869,64171,660.0665347874165,28.273759841918945,70.11540222167969,0.0033438871614634,150,1,stop_sign_id=1067,
participant_03,5,day,Town10HD,Solid line crossing,,1.0,neutral,0.556,29.454,2026-02-17 08:09:26.046033,66732,749.7015351690352,41.00005340576172,41.41027069091797,0.0021302411332726,848,-1,SolidSolid,
participant_03,5,day,Town10HD,Stop sign violation,,0.894,neutral,0.611,18.338,2026-02-17 08:11:01.265329,68189,800.6965353861451,28.159757614135746,70.0055923461914,0.0013203815324231,150,1,stop_sign_id=1067,
participant_01,1,day,Town10HD,Stop sign violation,,1.0,neutral,1.0,19.962,2026-02-17 15:43:03.888608,1119437,555.1921801641583,28.07030487060547,70.06887817382812,0.0016804503975436,150,1,stop_sign_id=1067,
participant_01,1,day,Town10HD,Solid line crossing,,1.0,neutral,0.999,21.322,2026-02-17 15:43:15.064321,1119577,560.09218018502,44.72189712524414,45.40780258178711,0.0020628357306122,9,-1,Solid,
participant_01,1,day,Town10HD,Solid line crossing,,0.968,neutral,0.979,22.91,2026-02-17 15:45:55.824281,1121721,635.1321805045009,-72.4136734008789,-64.79039001464844,0.001975898630917,6,1,SolidSolid,
participant_01,1,day,Town10HD,Solid line crossing,,0.885,neutral,0.995,32.451,2026-02-17 15:46:01.494402,1121801,637.9321805164218,-97.91555786132812,-51.465965270996094,0.0021347808651626,6,1,SolidSolid,
participant_03,6,day,Town10HD,Solid line crossing,,0.991,sad,0.425,26.582,2026-02-18 07:38:25.947344,21741,190.06618882715705,40.65363693237305,40.217041015625,0.0019286345923319,848,-1,SolidSolid,
participant_03,6,day,Town10HD,Solid line crossing,,0.991,sad,0.439,51.887,2026-02-18 07:38:58.834170,22205,206.3061888962984,90.63221740722656,115.80807495117188,0.001665687537752,1,2,Solid,
participant_03,6,day,Town10HD,Solid line crossing,,0.966,sad,0.447,30.365,2026-02-18 07:40:15.528682,23262,243.30118905380368,44.73653793334961,46.68301010131836,0.0018476485274732,9,-1,Solid,
participant_03,6,day,Town10HD,Solid line crossing,,0.995,sad,0.406,25.776,2026-02-18 07:43:05.588113,25729,329.64618942141533,41.28716659545898,46.52533721923828,0.0022054291330277,9,1,SolidSolid,
participant_03,6,day,Town10HD,Solid line crossing,,0.995,neutral,0.426,47.277,2026-02-18 07:43:40.964737,26275,348.75618950277567,79.02986907958984,126.82638549804688,0.0018376922234892,1,2,Solid,
participant_04,1,day,Town10HD,Harsh braking,,1.0,neutral,0.997,37.506,2026-02-18 09:26:46.725004,250629,4637.327834077179,107.1309814453125,7.272021770477295,0.0021049499046057,566,-1,decel_mps2=6.482,-1.342
participant_04,1,day,Town10HD,Vehicle-pedestrian collision,,1.0,neutral,0.998,29.139,2026-02-18 09:26:47.463611,250640,4637.712834078819,107.33888244628906,4.057967662811279,0.0022982405498623,566,-1,walker.pedestrian.0050,-1.053
participant_04,1,day,Town10HD,Vehicle-pedestrian collision,,1.0,happy,1.0,9.904,2026-02-18 09:26:51.658146,250698,4639.742834087461,107.39705657958984,-0.1639765202999115,0.0011418914655223,566,-1,walker.pedestrian.0050,-9.875
participant_04,1,day,Town10HD,Vehicle-pedestrian collision,reach_back,0.875,neutral,0.893,34.101,2026-02-18 09:26:55.715405,250756,4641.772834096104,106.80609893798828,-12.9712495803833,0.0018444061279296,0,-1,walker.pedestrian.0050,3.113
participant_04,1,day,Town10HD,Stop sign violation,,1.0,neutral,0.967,30.15,2026-02-18 09:30:47.680611,253964,4754.052834574133,49.47844314575195,69.70858764648438,0.0018244552193209,150,1,stop_sign_id=1067,-16.342
participant_04,1,day,Town10HD,Solid line crossing,,1.0,happy,0.991,24.734,2026-02-18 09:31:38.982766,254732,4780.932834688574,82.67572021484375,124.25283813476562,0.001839752192609,1,2,Solid,4.641
participant_04,1,day,Town10HD,Harsh braking,,0.94,neutral,0.974,29.378,2026-02-18 09:32:01.002497,255055,4792.237834736705,-11.563264846801758,130.16748046875,0.0022576523479074,4,-2,decel_mps2=5.583,-0.454
participant_04,1,day,Town10HD,Stop sign violation,,0.919,neutral,0.97,11.848,2026-02-18 09:32:56.786259,255872,4820.832834858447,27.90972328186035,69.93212127685547,0.0015547180082648,150,1,stop_sign_id=1067,-2.028
participant_04,1,day,Town10HD,Solid line crossing,,1.0,neutral,0.998,24.692,2026-02-18 09:33:08.017178,256039,4826.677834883332,44.71259307861328,46.09197616577149,0.0018417357932776,9,-1,Solid,-0.947
participant_04,1,day,Town10HD,Harsh braking,,0.948,neutral,0.991,24.994,2026-02-18 09:34:41.077826,257477,4877.007835097611,-12.7410249710083,-67.30350494384766,0.0021525954362004,7,2,decel_mps2=23.651,-0.115
participant_07,1,day,Town10HD,Stop sign violation,reach_back,0.898,neutral,0.995,15.541,2026-02-18 13:13:41.628358,346901,6470.222281668335,27.99056053161621,69.80215454101562,0.0013814163394272,150,1,stop_sign_id=1067,-7.753
participant_07,1,day,Town10HD,Harsh braking,reach_back,0.94,neutral,0.99,14.802,2026-02-18 13:14:28.860102,347585,6494.162281770259,77.6973648071289,24.867862701416016,0.0018717193743214,21,-1,decel_mps2=4.685,1.49
participant_07,1,day,Town10HD,Harsh braking,,1.0,neutral,0.703,40.374,2026-02-18 13:15:11.138793,348224,6516.527281865478,101.49508666992188,20.05704498291016,0.0024328613653779,637,-1,decel_mps2=7.230,-14.611
participant_07,1,day,Town10HD,Harsh braking,,1.0,happy,0.56,28.491,2026-02-18 13:16:02.105811,348977,6542.882281977683,-19.48699188232422,-67.99260711669922,0.0021558380685746,7,2,decel_mps2=5.636,-0.181
participant_07,1,day,Town10HD,Harsh braking,reach_back,0.913,neutral,0.951,10.7,2026-02-18 13:17:29.238402,350272,6588.207282170653,-110.79126739501952,-4.112612724304199,0.0018159103346988,6,1,decel_mps2=4.091,0.045
participant_07,1,day,Town10HD,Harsh braking,,1.0,neutral,0.6,46.832,2026-02-18 13:17:49.169032,350546,6597.7972822114825,-81.69548797607422,25.450727462768555,0.0020969009492546,18,-1,decel_mps2=7.004,4.509
participant_07,1,day,Town10HD,Harsh braking,,1.0,happy,0.677,45.427,2026-02-18 13:18:18.474996,350951,6611.972282271832,41.82979583740234,46.22405624389648,0.0021252441219985,9,1,decel_mps2=7.171,1.217
participant_07,1,day,Town10HD,Harsh braking,reach_back,0.813,neutral,0.898,22.191,2026-02-18 13:18:32.073152,351149,6618.9022823013365,79.67218017578125,70.03173828125,0.0021147918887436,11,1,decel_mps2=4.618,-1.003
participant_07,1,day,Town10HD,Harsh braking,,1.0,neutral,0.954,46.745,2026-02-18 13:19:14.842111,351790,6641.337282396853,-13.555659294128418,132.0331573486328,0.0020002364180982,4,-1,decel_mps2=6.246,1.09
participant_07,1,day,Town10HD,Solid line crossing,,1.0,neutral,0.973,50.197,2026-02-18 13:19:36.650446,352097,6652.0822824426,-5.645536422729492,68.95304107666016,0.0018136214930564,12,1,SolidSolid,2.36
participant_07,1,day,Town10HD,Harsh braking,,1.0,neutral,0.992,39.64,2026-02-18 13:19:39.505923,352137,6653.48228244856,12.95557975769043,69.90526580810547,0.0022540283389389,12,1,decel_mps2=6.956,-1.582
participant_07,1,day,Town10HD,Harsh braking,,1.0,neutral,0.897,12.506,2026-02-18 13:19:46.123499,352233,6656.842282462865,25.50591278076172,69.83094024658203,0.0018263243837282,12,1,decel_mps2=4.434,0.456
participant_07,1,day,Town10HD,Stop sign violation,,1.0,neutral,0.897,9.137,2026-02-18 13:19:46.566878,352239,6657.052282463759,26.131696701049805,69.84456634521484,0.001982154790312,12,1,stop_sign_id=946,0.442
participant_07,1,day,Town10HD,Stop sign violation,,0.962,neutral,0.992,16.397,2026-02-18 13:19:49.676794,352285,6658.662282470614,28.04170608520508,69.87403869628906,0.001198730431497,150,1,stop_sign_id=1067,-3.262
participant_07,1,day,Town10HD,Harsh braking,,0.921,neutral,0.974,45.576,2026-02-18 13:19:55.028136,352362,6661.357282482088,44.69253921508789,48.83186340332031,0.0021104048937559,9,-1,decel_mps2=6.951,-1.032
participant_07,1,day,Town10HD,Harsh braking,,0.935,neutral,0.99,25.341,2026-02-18 13:20:10.620152,352598,6669.617282517254,75.74624633789062,24.97664451599121,0.0021738815121352,21,-1,decel_mps2=5.122,-2.619
participant_07,1,day,Town10HD,Harsh braking,,1.0,neutral,0.97,46.089,2026-02-18 13:20:33.870246,352966,6682.497282572091,104.076416015625,13.72831916809082,0.0021010970231145,637,-1,decel_mps2=6.885,3.193
participant_07,1,day,Town10HD,Harsh braking,reach_back,0.975,neutral,0.962,44.16,2026-02-18 13:21:39.599199,354006,6718.897282727063,-111.03330993652344,-18.657508850097656,0.0021810913458466,6,1,decel_mps2=6.769,0.226
participant_07,1,day,Town10HD,Harsh braking,,1.0,neutral,0.865,11.676,2026-02-18 13:21:46.583036,354112,6722.607282742858,-110.44477081298828,-5.800718307495117,0.0018389510223641,6,1,decel_mps2=4.196,0.106
participant_07,1,day,Town10HD,Harsh braking,reach_back,0.974,happy,0.776,46.225,2026-02-18 13:22:50.717330,355049,6755.402282882482,42.37091064453125,42.58142852783203,0.0021155548747628,9,-1,decel_mps2=6.767,10.242
participant_07,1,day,Town10HD,Solid line crossing,,1.0,happy,0.927,31.175,2026-02-18 13:22:51.800113,355065,6755.962282884866,41.64862060546875,48.48863220214844,0.0023717880249023,9,1,SolidSolid,-0.571
participant_07,1,day,Town10HD,Solid line crossing,,1.0,neutral,0.505,11.495,2026-02-18 13:22:58.898720,355174,6759.777282901108,40.89723205566406,53.57033157348633,0.0012654113816097,152,1,SolidSolid,-3.563
participant_07,1,day,Town10HD,Solid line crossing,reach_back,0.964,neutral,0.482,52.512,2026-02-18 13:23:03.707879,355249,6762.402282912284,57.1180305480957,69.49449920654297,0.0016315078828483,150,1,SolidSolid,0.068
participant_07,1,day,Town10HD,Harsh braking,reach_back,0.935,neutral,0.402,45.498,2026-02-18 13:23:05.699094,355280,6763.487282916904,72.1143569946289,69.455078125,0.0021659086924046,11,1,decel_mps2=7.349,-2.113
participant_08,1,day,Town10HD,Stop sign violation,,0.981,neutral,0.539,21.149,2026-02-18 14:37:48.053386,556250,10567.97413783893,26.238887786865234,69.65372467041016,0.0016572570893913,12,1,stop_sign_id=946,-2.986
participant_08,1,day,Town10HD,Harsh braking,,0.882,fear,0.672,13.184,2026-02-18 14:38:12.764382,556585,10579.699137888849,78.578369140625,24.942102432250977,0.0019505309173837,21,-1,decel_mps2=3.926,1.166
participant_08,1,day,Town10HD,Stop sign violation,,0.955,neutral,0.955,19.072,2026-02-18 14:41:16.585739,559146,10669.334138270468,40.8023681640625,54.11957931518555,0.0016233443748205,152,1,stop_sign_id=1062,-4.794
participant_08,1,day,Town10HD,Stop sign violation,,0.927,neutral,0.973,21.471,2026-02-18 14:43:31.470026,561104,10737.864138562232,28.00465965270996,69.79047393798828,0.0016353606479242,150,1,stop_sign_id=1067,-3.532
participant_08,1,day,Town10HD,Harsh braking,,0.919,sad,0.356,29.608,2026-02-18 14:44:55.280949,562361,10781.85913874954,2.0757510662078857,-67.77666473388672,0.0021674346644431,17,-2,decel_mps2=5.622,-0.837
participant_08,1,day,Town10HD,Solid line crossing,,0.957,fear,0.901,51.22,2026-02-18 14:45:22.135635,562765,10795.99913880974,-70.7523193359375,-64.64498138427734,0.0017230606172233,6,1,SolidSolid,-1.248
participant_05,1,day,Town10HD,Stop sign violation,,1.0,neutral,0.882,16.559,2026-02-18 15:14:22.140488,599778,11732.108826685697,28.11271476745605,69.99591064453125,0.0014081954723224,150,1,stop_sign_id=1067,-5.335
participant_05,1,day,Town10HD,Solid line crossing,,1.0,happy,0.948,14.969,2026-02-18 15:16:35.522488,601175,11781.003826893866,-4.943605899810791,-65.19963073730469,0.0016357039567083,17,-1,SolidSolid,-3.28
participant_05,1,day,Town10HD,Solid line crossing,,1.0,fear,0.473,36.536,2026-02-18 15:18:55.288161,602672,11833.398827116936,-6.424905776977539,28.687545776367188,0.0015951918903738,20,-2,Solid,1.156
participant_05,1,day,Town10HD,Solid line crossing,,1.0,happy,0.857,24.068,2026-02-18 15:19:26.664973,603010,11845.228827167302,40.55455780029297,43.85134506225586,0.0020959472749382,9,1,SolidSolid,9.279
participant_05,1,day,Town10HD,Stop sign violation,,1.0,neutral,0.84,18.414,2026-02-18 15:19:39.072982,603148,11850.058827187866,40.7406120300293,54.20009994506836,0.0013764953473582,152,1,stop_sign_id=1062,-3.818
participant_05,1,day,Town10HD,Harsh braking,,0.967,happy,0.669,43.982,2026-02-18 15:19:48.779497,603257,11853.873827204108,72.13945770263672,70.04985046386719,0.0021443557925522,11,1,decel_mps2=6.711,-2.685
participant_05,1,day,Town10HD,Solid line crossing,reach_back,0.883,happy,0.982,10.49,2026-02-18 15:20:00.908788,603395,11858.703827224672,82.96754455566406,70.19454956054688,0.0015038299607113,11,1,Solid,26.859
participant_05,1,day,Town10HD,Harsh braking,reach_back,0.863,happy,0.997,29.735,2026-02-18 15:20:37.125389,603807,11873.123827286065,-19.4524154663086,130.57699584960938,0.0021978376898914,4,-2,decel_mps2=5.631,0.418
participant_05,1,day,Town10HD,Solid line crossing,,0.847,happy,0.592,39.414,2026-02-18 15:21:20.315302,604296,11890.238827358931,-24.34365463256836,69.07445526123047,0.0018172073177993,12,1,SolidSolid,6.509
participant_05,1,day,Town10HD,Solid line crossing,,1.0,happy,0.977,18.905,2026-02-18 15:23:45.127816,605977,11949.07382760942,-16.17612648010254,-65.21784973144531,0.0018325423588976,7,1,SolidSolid,21.305
participant_02,1,day,Town10HD,Harsh braking,,0.96,neutral,0.377,11.455,2026-02-18 16:15:17.893005,27309,848.0115801356733,47.45279312133789,38.539329528808594,0.0019530868157744,842,2,decel_mps2=3.765,4.079
participant_02,1,day,Town10HD,Harsh braking,,1.0,neutral,0.355,22.649,2026-02-18 16:15:29.655094,27469,853.6115801595151,61.04817581176758,28.089569091796875,0.0020895386114716,21,-2,decel_mps2=4.621,-1.006
participant_02,1,day,Town10HD,Harsh braking,,0.934,neutral,0.635,10.209,2026-02-18 16:15:34.180129,27534,855.8865801692009,65.74160766601562,27.14410400390625,0.0018442535074427,21,-2,decel_mps2=4.181,0.458
participant_02,1,day,Town10HD,Vehicle collision,,0.934,neutral,0.635,8.027,2026-02-18 16:15:34.535877,27539,856.061580169946,66.08653259277344,27.0766716003418,0.0019489288097247,21,-2,vehicle.ford.crown,0.458
participant_02,1,day,Town10HD,Harsh braking,,0.897,neutral,0.951,14.434,2026-02-18 16:16:03.195987,27955,870.6215802319348,76.8765640258789,25.653053283691406,0.0018801498226821,21,-1,decel_mps2=4.272,1.137
participant_02,1,day,Town10HD,Vehicle collision,,1.0,neutral,0.97,34.604,2026-02-18 16:17:31.652755,29259,916.261580426246,-21.56899070739746,-67.69328308105469,0.0016279220581054,7,2,vehicle.dodge.charger_2020,2.108
participant_02,1,day,Town10HD,Solid line crossing,,1.0,neutral,0.55,50.798,2026-02-18 16:17:45.797675,29466,923.5065804570912,-107.50630950927734,-47.19354248046875,0.0017591094365343,6,2,Solid,-2.96
participant_02,1,day,Town10HD,Harsh braking,,1.0,neutral,0.731,13.15,2026-02-18 16:18:36.658125,30168,948.0765805616976,-70.67669677734375,27.55541610717773,0.0019335936522111,19,-2,decel_mps2=4.112,-0.658
participant_02,1,day,Town10HD,Solid line crossing,,1.0,angry,0.566,18.874,2026-02-18 16:19:06.320066,30569,962.1115806214513,41.20071029663086,45.24649810791016,0.0018900680588558,9,1,SolidSolid,-0.978
participant_02,1,day,Town10HD,Harsh braking,,1.0,happy,0.926,30.181,2026-02-18 16:19:22.146656,30793,969.9515806548296,73.11714935302734,69.86334991455078,0.0021994018461555,11,1,decel_mps2=5.550,-2.191
participant_02,1,day,Town10HD,Solid line crossing,,0.972,sad,0.979,27.546,2026-02-18 16:20:24.579782,31682,1001.0665807873012,-24.851606369018555,69.4005126953125,0.0018542479956522,12,1,SolidSolid,6.637
participant_02,1,day,Town10HD,Solid line crossing,,0.887,neutral,0.958,27.492,2026-02-18 16:20:29.147624,31744,1003.2365807965398,-8.307561874389648,69.14684295654297,0.0018454360542818,12,1,SolidSolid,-2.824
participant_02,1,day,Town10HD,Harsh braking,,1.0,sad,0.439,26.452,2026-02-18 16:20:58.957668,32160,1017.7965808585286,43.54936599731445,47.39052581787109,0.0021834564395248,9,-1,decel_mps2=5.394,9.444
participant_02,1,day,Town10HD,Harsh braking,,1.0,sad,0.479,16.113,2026-02-18 16:21:10.551898,32331,1023.7815808840096,74.03829193115234,25.90045928955078,0.0019121550722047,21,-1,decel_mps2=41.487,-0.477
participant_02,1,day,Town10HD,Solid line crossing,,1.0,neutral,0.616,49.983,2026-02-18 16:21:40.058408,32778,1039.4265809506178,105.6207275390625,-10.15417766571045,0.0018041229341179,0,-1,SolidSolid,1.199
participant_02,1,day,Town10HD,Harsh braking,,1.0,sad,0.935,36.135,2026-02-18 16:22:51.265378,33815,1075.7215811051428,-74.8423080444336,27.85600852966309,0.0022937774192541,19,-2,decel_mps2=6.713,-1.38
participant_02,1,day,Town10HD,Harsh braking,,1.0,happy,0.828,24.807,2026-02-18 16:23:35.898233,34414,1096.6865811944008,22.53902244567871,28.205034255981445,0.0021540832240134,20,-2,decel_mps2=4.894,-0.226
participant_02,1,day,Town10HD,Harsh braking,,0.98,neutral,0.901,21.803,2026-02-18 16:24:05.630323,34830,1111.2465812563896,76.67781829833984,70.16995239257812,0.0022074508015066,11,1,decel_mps2=4.788,-1.683
participant_09,1,day,Town10HD,Stop sign violation,,0.99,neutral,1.0,18.029,2026-03-20 15:43:04.100066,1119437,555.1921801641583,25.910672,69.513395,0.004242983,150,1,stop_sign_id=1067,-5.032
participant_09,1,day,Town10HD,Solid line crossing,,1.0,neutral,1.0,22.338,2026-03-20 15:43:15.979237,1119577,560.09218018502,42.542224,42.927449,0.002245418,9,-1,Solid,10.951
participant_09,1,day,Town10HD,Solid line crossing,,1.0,neutral,0.941,22.962,2026-03-20 15:45:54.395853,1121721,635.1321805045009,-70.888172,-63.362805,0.000705155,6,1,SolidSolid,8.373
participant_09,1,day,Town10HD,Solid line crossing,,0.871,neutral,0.984,35.511,2026-03-20 15:45:57.769783,1121801,637.9321805164218,-97.510327,-52.22404,0.00145248,6,1,SolidSolid,-10.061
participant_10,1,day,Town10HD,Harsh braking,,0.982,neutral,0.379,12.02,2026-03-24 16:15:19.274538,27309,848.0115801356733,46.761264,38.454959,0.000366599,842,2,decel_mps2=3.765,4.752
participant_10,1,day,Town10HD,Harsh braking,,0.996,neutral,0.37,25.293,2026-03-24 16:15:34.801844,27469,853.6115801595151,61.900165,26.011819,0.00321127,21,-2,decel_mps2=4.621,-0.64
participant_10,1,day,Town10HD,Harsh braking,,0.98,neutral,0.667,9.028,2026-03-24 16:15:30.981617,27534,855.8865801692009,67.908239,26.449392,0.004032806,21,-2,decel_mps2=4.181,0.179
participant_10,1,day,Town10HD,Vehicle collision,,0.913,neutral,0.631,8.728,2026-03-24 16:15:35.635956,27539,856.061580169946,66.736453,25.312483,0.002032412,21,-2,vehicle.ford.crown,0.718
participant_10,1,day,Town10HD,Harsh braking,,0.94,neutral,0.908,15.104,2026-03-24 16:16:03.855377,27955,870.6215802319348,77.415038,27.332187,0.0039533,21,-1,decel_mps2=4.272,1.099
participant_10,1,day,Town10HD,Vehicle collision,,0.981,neutral,1.0,32.401,2026-03-24 16:17:37.092301,29259,916.261580426246,-20.114462,-68.343521,0.004566951,7,2,vehicle.dodge.charger_2020,2.183
participant_10,1,day,Town10HD,Solid line crossing,,0.994,neutral,0.546,54.847,2026-03-24 16:17:42.829758,29466,923.5065804570912,-105.518778,-47.545152,0.002888766,6,2,Solid,-3.178
participant_10,1,day,Town10HD,Harsh braking,,0.952,neutral,0.742,12.611,2026-03-24 16:18:39.575386,30168,948.0765805616976,-71.914439,28.982091,0.002135848,19,-2,decel_mps2=4.112,-0.134
participant_10,1,day,Town10HD,Solid line crossing,,1.0,angry,0.554,17.08,2026-03-24 16:19:11.004313,30569,962.1115806214513,40.499649,46.489971,0.001866747,9,1,SolidSolid,-0.917
participant_10,1,day,Town10HD,Harsh braking,,1.0,happy,0.854,32.789,2026-03-24 16:19:24.575246,30793,969.9515806548296,74.383452,68.396142,0.005063929,11,1,decel_mps2=5.550,-2.545
participant_10,1,day,Town10HD,Solid line crossing,,1.0,sad,1.0,28.651,2026-03-24 16:20:21.550440,31682,1001.0665807873012,-24.849515,68.469976,0.000712113,12,1,SolidSolid,6.524
participant_10,1,day,Town10HD,Solid line crossing,,0.86,neutral,1.0,25.58,2026-03-24 16:20:25.298120,31744,1003.2365807965398,-8.270459,66.712849,0.000735664,12,1,SolidSolid,-1.923
participant_10,1,day,Town10HD,Harsh braking,,0.971,sad,0.467,24.487,2026-03-24 16:20:53.112797,32160,1017.7965808585286,41.390826,44.935597,0.004504302,9,-1,decel_mps2=5.394,9.907
participant_10,1,day,Town10HD,Harsh braking,,1.0,sad,0.486,16.399,2026-03-24 16:21:07.284289,32331,1023.7815808840096,72.635286,27.199676,-0.000756241,21,-1,decel_mps2=41.487,-1.068
participant_10,1,day,Town10HD,Solid line crossing,,0.974,neutral,0.637,49.292,2026-03-24 16:21:38.963197,32778,1039.4265809506178,106.316979,-9.231459,0.004655076,0,-1,SolidSolid,1.019
participant_10,1,day,Town10HD,Harsh braking,,0.974,sad,0.964,38.017,2026-03-24 16:22:55.408436,33815,1075.7215811051428,-74.13113,25.832988,0.00066646,19,-2,decel_mps2=6.713,-0.768
participant_10,1,day,Town10HD,Harsh braking,,1.0,happy,0.775,23.116,2026-03-24 16:23:37.513539,34414,1096.6865811944008,23.72734,30.445285,0.00227303,20,-2,decel_mps2=4.894,0.445
participant_10,1,day,Town10HD,Harsh braking,,0.989,neutral,0.85,24.408,2026-03-24 16:24:05.861443,34830,1111.2465812563896,77.342679,72.529704,0.00475581,11,1,decel_mps2=4.788,-2.391
participant_11,1,day,Town10HD,Stop sign violation,,0.905,neutral,0.445,19.119,2026-03-25 09:36:06.605981,250657,4380.334401831031,27.432569,68.168271,0.000745074,150,1,stop_sign_id=1067,-9.853
participant_11,1,day,Town10HD,Harsh braking,,1.0,neutral,0.869,14.259,2026-03-25 09:43:21.987847,257144,4607.379402797669,39.88496,51.054724,0.001116355,9,1,decel_mps2=4.190,-6.956
participant_11,1,day,Town10HD,Harsh braking,,0.894,neutral,0.465,42.414,2026-03-25 09:45:01.212318,258540,4656.239403005689,-3.774551,130.607338,0.004163759,4,-2,decel_mps2=6.648,-10.412
participant_11,2,day,Town10HD,Stop sign violation,,0.907,neutral,0.693,15.358,2026-03-25 09:59:17.343869,303884,5463.09156466648,27.910673,68.016219,0.003283233,150,1,stop_sign_id=1067,-11.759
participant_11,2,day,Town10HD,Harsh braking,,0.869,neutral,0.854,21.413,2026-03-25 10:00:06.814105,304463,5483.356564752758,84.750041,26.871349,0.001826462,630,-1,decel_mps2=4.437,15.075
participant_11,2,day,Town10HD,Solid line crossing,,0.903,angry,0.348,31.044,2026-03-25 10:03:35.252178,307509,5589.966565206647,-27.532114,68.741033,0.001917684,900,-1,SolidSolid,8.289
participant_11,2,day,Town10HD,Stop sign violation,,0.944,sad,0.374,20.225,2026-03-25 10:04:08.930566,307824,5600.991565253586,29.687185,70.732159,0.003470122,150,1,stop_sign_id=1067,11.885
participant_11,2,day,Town10HD,Harsh braking,,0.913,neutral,0.449,26.457,2026-03-25 10:06:20.673006,309776,5669.311565544456,-92.885663,24.546992,0.004418007,795,-1,decel_mps2=3.531,-8.302
participant_11,2,day,Town10HD,Harsh braking,,0.998,neutral,0.444,18.848,2026-03-25 10:07:04.403448,310447,5692.796565644443,41.28528,48.628871,0.003757819,9,1,decel_mps2=32.883,1.708
participant_11,3,day,Town10HD,Stop sign violation,,0.977,neutral,0.388,18.003,2026-03-25 10:13:12.530351,323109,5971.258537650108,26.707087,69.313273,0.004104285,150,1,stop_sign_id=1067,-5.944
participant_11,3,day,Town10HD,Solid line crossing,,0.93,neutral,0.459,34.278,2026-03-25 10:17:36.525759,326833,6101.598538205028,-26.183799,71.289386,0.002226052,12,1,SolidSolid,11.744
participant_11,3,day,Town10HD,Stop sign violation,,0.932,neutral,0.4,17.578,2026-03-25 10:18:00.223415,327085,6110.4185382425785,27.862568,68.892128,0.000354134,150,1,stop_sign_id=1067,-7.871
participant_11,3,day,Town10HD,Harsh braking,,0.859,neutral,0.452,32.883,2026-03-25 10:19:31.687052,328493,6159.698538452387,-110.003353,-14.502712,0.003095274,6,1,decel_mps2=6.557,-1.725
participant_11,3,day,Town10HD,Harsh braking,,0.975,neutral,0.353,25.395,2026-03-25 10:20:49.123454,329629,6199.458538621664,40.685915,48.932781,0.001993796,9,1,decel_mps2=4.878,-8.246
participant_11,3,day,Town10HD,Red light violation,,0.908,neutral,0.742,45.938,2026-03-25 10:21:51.366133,330409,6226.758538737893,-25.068371,131.041934,0.000284765,4,-2,traffic_light_id=45,-1.089
participant_11,3,day,Town10HD,Stop sign violation,,0.9,angry,0.373,18.978,2026-03-25 10:22:21.320368,330905,6244.118538811803,27.286082,71.574133,0.002838432,150,1,stop_sign_id=1067,-8.605
participant_11,3,day,Town10HD,Solid line crossing,,0.926,neutral,0.623,14.59,2026-03-25 10:22:41.501766,331191,6254.12853885442,73.127499,26.850979,0.001005945,21,-1,Solid,-7.376
participant_11,4,day,Town10HD,Stop sign violation,,0.929,neutral,0.839,15.417,2026-03-26 07:49:26.945360,46468,81.53714382275939,29.05833,69.240537,-4.908e-06,150,1,stop_sign_id=1067,-9.235
participant_11,4,day,Town10HD,Harsh braking,,0.948,neutral,0.458,28.606,2026-03-26 07:54:30.865506,50849,234.8721444755793,8.285609,-66.402309,0.003992114,10,-2,decel_mps2=4.578,5.573
participant_11,4,day,Town10HD,Solid line crossing,,0.95,neutral,0.457,25.369,2026-03-26 07:54:32.507806,50860,235.2571444772184,8.450472,-68.410224,0.003075137,17,-2,Solid,14.134
participant_11,4,day,Town10HD,Solid line crossing,,0.944,neutral,0.578,12.718,2026-03-26 07:54:31.161354,50921,237.3921444863081,-1.552744,-69.319722,0.004443232,17,-2,Solid,-13.393
participant_11,4,day,Town10HD,Harsh braking,,0.985,neutral,0.912,10.42,2026-03-26 07:54:39.937215,51006,240.36714449897408,-16.828098,-70.004752,0.000429464,7,2,decel_mps2=137.839,-10.187
participant_11,4,day,Town10HD,Stop sign violation,,0.973,neutral,0.429,19.617,2026-03-26 07:56:37.954588,52862,305.32714477553964,38.554477,55.414887,-0.000433359,152,1,stop_sign_id=1062,-1.479
participant_11,5,day,Town10HD,Stop sign violation,,0.912,neutral,0.968,17.196,2026-03-26 08:01:34.647207,59523,497.3865340948105,30.223214,69.845182,0.001832837,150,1,stop_sign_id=1067,1.371
participant_11,5,day,Town10HD,Harsh braking,,0.911,neutral,0.686,13.675,2026-03-26 08:02:13.855171,60116,518.1415341831744,79.821198,23.912401,-2.9281e-05,21,-1,decel_mps2=27.072,5.673
participant_11,5,day,Town10HD,Stop sign violation,,0.956,neutral,0.541,11.348,2026-03-26 08:05:14.507351,62921,616.316534601152,41.349583,56.573138,-0.000124185,152,1,stop_sign_id=1062,1.483
participant_11,5,day,Town10HD,Stop sign violation,,1.0,neutral,0.542,21.157,2026-03-26 08:06:35.978452,64171,660.0665347874165,26.846261,71.789962,0.006073066,150,1,stop_sign_id=1067,6.831
participant_11,5,day,Town10HD,Solid line crossing,,1.0,neutral,0.57,27.384,2026-03-26 08:09:24.607194,66732,749.7015351690352,40.687961,41.713106,0.004197679,848,-1,SolidSolid,3.298
participant_11,5,day,Town10HD,Stop sign violation,,0.901,neutral,0.589,16.201,2026-03-26 08:10:56.183334,68189,800.6965353861451,27.520832,70.214559,0.000653355,150,1,stop_sign_id=1067,6.93
participant_11,6,day,Town10HD,Solid line crossing,,0.978,sad,0.425,28.986,2026-03-27 07:38:31.229479,21741,190.06618882715705,40.508032,39.255933,0.00271656,848,-1,SolidSolid,-2.388
participant_11,6,day,Town10HD,Solid line crossing,,0.974,sad,0.432,49.304,2026-03-27 07:39:02.991436,22205,206.3061888962984,91.604795,115.005175,-0.000762731,1,2,Solid,-9.189
participant_11,6,day,Town10HD,Solid line crossing,,0.949,sad,0.5,31.787,2026-03-27 07:40:20.874406,23262,243.30118905380368,44.761084,47.752775,8.4319e-05,9,-1,Solid,6.155
participant_11,6,day,Town10HD,Solid line crossing,,0.948,sad,0.39,25.939,2026-03-27 07:43:04.740992,25729,329.64618942141533,42.894193,45.482577,0.003331063,9,1,SolidSolid,4.921
participant_11,6,day,Town10HD,Solid line crossing,,0.974,neutral,0.427,49.541,2026-03-27 07:43:35.072444,26275,348.75618950277567,77.507934,127.782871,0.003803026,1,2,Solid,-0.061
participant_12,1,day,Town10HD,Harsh braking,,1.0,neutral,1.0,39.817,2026-03-30 09:26:45.318452,250629,4637.327834077179,106.198556,6.981386,-1.7538e-05,566,-1,decel_mps2=6.482,-1.329
participant_12,1,day,Town10HD,Vehicle-pedestrian collision,,1.0,neutral,1.0,29.268,2026-03-30 09:26:49.121921,250640,4637.712834078819,107.937442,2.263376,0.001218206,566,-1,walker.pedestrian.0050,-1.586
participant_12,1,day,Town10HD,Vehicle-pedestrian collision,,0.961,happy,0.963,11.006,2026-03-30 09:26:56.366363,250698,4639.742834087461,107.661314,2.248667,0.002240416,566,-1,walker.pedestrian.0050,-11.121
participant_12,1,day,Town10HD,Vehicle-pedestrian collision,reach_back,0.894,neutral,0.903,34.657,2026-03-30 09:27:00.283238,250756,4641.772834096104,104.361677,-11.820687,-0.000898511,0,-1,walker.pedestrian.0050,3.427
participant_12,1,day,Town10HD,Stop sign violation,,0.991,neutral,0.944,27.885,2026-03-30 09:30:52.612054,253964,4754.052834574133,51.690364,71.101549,0.001612644,150,1,stop_sign_id=1067,-19.477
participant_12,1,day,Town10HD,Solid line crossing,,1.0,happy,0.978,26.144,2026-03-30 09:31:36.112904,254732,4780.932834688574,81.954082,125.688377,3.1663e-05,1,2,Solid,4.695
participant_12,1,day,Town10HD,Harsh braking,,0.96,neutral,1.0,27.73,2026-03-30 09:32:03.786311,255055,4792.237834736705,-11.800342,130.824785,0.000804165,4,-2,decel_mps2=5.583,0.224
participant_12,1,day,Town10HD,Stop sign violation,,0.913,neutral,0.977,12.648,2026-03-30 09:32:53.213976,255872,4820.832834858447,28.47565,72.050604,-0.0003144,150,1,stop_sign_id=1067,-1.187
participant_12,1,day,Town10HD,Solid line crossing,,0.998,neutral,1.0,22.283,2026-03-30 09:33:06.920783,256039,4826.677834883332,45.16512,46.042475,0.002624842,9,-1,Solid,-0.306
participant_12,1,day,Town10HD,Harsh braking,,0.934,neutral,1.0,27.21,2026-03-30 09:34:35.141413,257477,4877.007835097611,-13.22386,-65.827369,0.003793836,7,2,decel_mps2=23.651,-0.384
participant_13,1,day,Town10HD,Stop sign violation,,1.0,neutral,0.833,16.365,2026-04-02 15:14:18.863083,599778,11732.108826685697,28.626043,69.079212,-0.000250514,150,1,stop_sign_id=1067,-4.727
participant_13,1,day,Town10HD,Solid line crossing,,0.996,happy,1.0,12.963,2026-04-02 15:16:31.107705,601175,11781.003826893866,-5.009461,-62.832109,0.003034238,17,-1,SolidSolid,-3.702
participant_13,1,day,Town10HD,Solid line crossing,,0.946,fear,0.477,36.52,2026-04-02 15:18:52.566219,602672,11833.398827116936,-6.44237,28.008244,0.002728876,20,-2,Solid,0.52
participant_13,1,day,Town10HD,Solid line crossing,,1.0,happy,0.863,22.894,2026-04-02 15:19:31.237769,603010,11845.228827167302,41.177883,43.331586,0.001241142,9,1,SolidSolid,10.508
participant_13,1,day,Town10HD,Stop sign violation,,0.997,neutral,0.874,19.988,2026-04-02 15:19:39.092324,603148,11850.058827187866,43.204816,52.730124,0.001600436,152,1,stop_sign_id=1062,-2.671
participant_13,1,day,Town10HD,Harsh braking,,0.95,happy,0.625,40.003,2026-04-02 15:19:48.488215,603257,11853.873827204108,69.893051,69.985307,0.005048478,11,1,decel_mps2=6.711,-2.787
participant_13,1,day,Town10HD,Solid line crossing,reach_back,0.891,happy,0.962,10.47,2026-04-02 15:19:59.376132,603395,11858.703827224672,82.369659,72.379599,-0.001048378,11,1,Solid,25.961
participant_13,1,day,Town10HD,Harsh braking,reach_back,0.91,happy,1.0,29.018,2026-04-02 15:20:36.672008,603807,11873.123827286065,-17.919395,128.141898,0.001909863,4,-2,decel_mps2=5.631,0.839
participant_13,1,day,Town10HD,Solid line crossing,,0.855,happy,0.591,39.989,2026-04-02 15:21:16.365628,604296,11890.238827358931,-23.942175,67.384134,-0.000629833,12,1,SolidSolid,6.731
participant_13,1,day,Town10HD,Solid line crossing,,1.0,happy,0.957,18.103,2026-04-02 15:23:44.531552,605977,11949.07382760942,-15.99866,-65.703915,0.004341741,7,1,SolidSolid,24.579
participant_14,1,day,Town10HD,Stop sign violation,,0.995,neutral,0.906,18.064,2026-04-05 15:14:21.169500,599778,11732.108826685697,26.512499,67.864976,0.00301897,150,1,stop_sign_id=1067,-5.126
participant_14,1,day,Town10HD,Solid line crossing,,0.974,happy,0.961,16.278,2026-04-05 15:16:35.506361,601175,11781.003826893866,-4.065993,-63.104608,0.003930964,17,-1,SolidSolid,-4.614
participant_14,1,day,Town10HD,Solid line crossing,,0.968,fear,0.443,37.08,2026-04-05 15:18:53.011496,602672,11833.398827116936,-7.766702,28.372337,0.002052763,20,-2,Solid,1.092
participant_14,1,day,Town10HD,Solid line crossing,,1.0,happy,0.819,24.879,2026-04-05 15:19:29.959088,603010,11845.228827167302,41.025606,42.483869,0.001897772,9,1,SolidSolid,9.806
participant_14,1,day,Town10HD,Stop sign violation,,0.993,neutral,0.872,19.097,2026-04-05 15:19:43.060413,603148,11850.058827187866,38.499004,51.716208,-0.00102512,152,1,stop_sign_id=1062,-2.557
participant_14,1,day,Town10HD,Harsh braking,,0.95,happy,0.654,41.584,2026-04-05 15:19:45.013595,603257,11853.873827204108,73.483289,70.773826,-0.000585506,11,1,decel_mps2=6.711,-3.167
participant_14,1,day,Town10HD,Solid line crossing,reach_back,0.887,happy,0.908,10.107,2026-04-05 15:19:57.876950,603395,11858.703827224672,80.957612,69.53891,0.001612993,11,1,Solid,25.498
participant_14,1,day,Town10HD,Harsh braking,reach_back,0.894,happy,0.94,31.682,2026-04-05 15:20:38.955916,603807,11873.123827286065,-18.983044,131.848155,0.00350266,4,-2,decel_mps2=5.631,0.261
participant_14,1,day,Town10HD,Solid line crossing,,0.841,happy,0.59,40.999,2026-04-05 15:21:21.560449,604296,11890.238827358931,-22.922081,69.055724,-0.000900853,12,1,SolidSolid,6.555
participant_14,1,day,Town10HD,Solid line crossing,,1.0,happy,1.0,17.279,2026-04-05 15:23:40.639211,605977,11949.07382760942,-15.124602,-63.235313,0.000493308,7,1,SolidSolid,24.982
participant_15,1,day,Town10HD,Stop sign violation,reach_back,0.926,neutral,0.929,13.647,2026-04-08 13:13:47.096157,346901,6470.222281668335,28.913821,71.962379,0.00211973,150,1,stop_sign_id=1067,-6.382
participant_15,1,day,Town10HD,Harsh braking,reach_back,0.931,neutral,1.0,15.617,2026-04-08 13:14:29.897075,347585,6494.162281770259,78.276759,23.705617,0.003155318,21,-1,decel_mps2=4.685,1.285
participant_15,1,day,Town10HD,Harsh braking,,1.0,neutral,0.712,36.002,2026-04-08 13:15:08.046058,348224,6516.527281865478,99.428515,19.268297,0.003106405,637,-1,decel_mps2=7.230,-13.166
participant_15,1,day,Town10HD,Harsh braking,,0.972,happy,0.536,30.328,2026-04-08 13:16:03.910720,348977,6542.882281977683,-18.02601,-65.681763,0.000977971,7,2,decel_mps2=5.636,-0.811
participant_15,1,day,Town10HD,Harsh braking,reach_back,0.924,neutral,0.959,11.373,2026-04-08 13:17:29.980158,350272,6588.207282170653,-111.376259,-4.207677,-0.000620808,6,1,decel_mps2=4.091,0.531
participant_15,1,day,Town10HD,Harsh braking,,0.993,neutral,0.603,49.226,2026-04-08 13:17:44.717893,350546,6597.7972822114825,-82.627279,27.512152,0.003942982,18,-1,decel_mps2=7.004,4.939
participant_15,1,day,Town10HD,Harsh braking,,1.0,happy,0.667,48.852,2026-04-08 13:18:20.502967,350951,6611.972282271832,44.121732,47.937895,0.000184368,9,1,decel_mps2=7.171,0.242
participant_15,1,day,Town10HD,Harsh braking,reach_back,0.798,neutral,0.971,21.596,2026-04-08 13:18:29.714964,351149,6618.9022823013365,80.27106,71.958347,0.002965213,11,1,decel_mps2=4.618,-1.839
participant_15,1,day,Town10HD,Harsh braking,,0.985,neutral,0.99,49.692,2026-04-08 13:19:19.258800,351790,6641.337282396853,-14.004785,130.714032,0.0031301,4,-1,decel_mps2=6.246,0.446
participant_15,1,day,Town10HD,Solid line crossing,,1.0,neutral,0.93,46.721,2026-04-08 13:19:31.783631,352097,6652.0822824426,-4.480644,68.384615,0.002447972,12,1,SolidSolid,2.585
participant_15,1,day,Town10HD,Harsh braking,,0.987,neutral,0.945,38.283,2026-04-08 13:19:40.592912,352137,6653.48228244856,12.520804,68.4631,0.003630834,12,1,decel_mps2=6.956,-1.874
participant_15,1,day,Town10HD,Harsh braking,,0.986,neutral,0.87,11.028,2026-04-08 13:19:47.929878,352233,6656.842282462865,26.764141,68.025588,0.00465695,12,1,decel_mps2=4.434,0.573
participant_15,1,day,Town10HD,Stop sign violation,,1.0,neutral,0.862,8.129,2026-04-08 13:19:52.367266,352239,6657.052282463759,25.550655,70.803421,-0.000557512,12,1,stop_sign_id=946,0.627
participant_15,1,day,Town10HD,Stop sign violation,,0.942,neutral,0.959,17.177,2026-04-08 13:19:45.671735,352285,6658.662282470614,26.0849,70.456149,0.003772882,150,1,stop_sign_id=1067,-2.815
participant_15,1,day,Town10HD,Harsh braking,,0.966,neutral,0.991,40.229,2026-04-08 13:19:51.193851,352362,6661.357282482088,46.692672,50.569967,0.00393797,9,-1,decel_mps2=6.951,-1.775
participant_15,1,day,Town10HD,Harsh braking,,0.95,neutral,1.0,25.432,2026-04-08 13:20:12.043381,352598,6669.617282517254,77.450508,23.233682,0.004499313,21,-1,decel_mps2=5.122,-2.562
participant_15,1,day,Town10HD,Harsh braking,,0.986,neutral,0.965,44.011,2026-04-08 13:20:36.737328,352966,6682.497282572091,105.134774,12.884942,0.003384929,637,-1,decel_mps2=6.885,3.436
participant_15,1,day,Town10HD,Harsh braking,reach_back,0.975,neutral,0.935,41.458,2026-04-08 13:21:42.551724,354006,6718.897282727063,-111.576167,-16.696131,0.003975233,6,1,decel_mps2=6.769,-0.175
participant_15,1,day,Town10HD,Harsh braking,,1.0,neutral,0.848,13.138,2026-04-08 13:21:42.829623,354112,6722.607282742858,-111.088737,-7.791267,-0.000459193,6,1,decel_mps2=4.196,-0.445
participant_15,1,day,Town10HD,Harsh braking,reach_back,0.998,happy,0.802,49.434,2026-04-08 13:22:54.958578,355049,6755.402282882482,43.166616,42.102249,0.00426315,9,-1,decel_mps2=6.767,10.844
participant_15,1,day,Town10HD,Solid line crossing,,0.948,happy,0.957,31.407,2026-04-08 13:22:45.955427,355065,6755.962282884866,40.867315,48.441296,0.000229067,9,1,SolidSolid,-1.341
participant_15,1,day,Town10HD,Solid line crossing,,1.0,neutral,0.51,11.263,2026-04-08 13:22:59.069803,355174,6759.777282901108,39.959653,53.593156,0.001100968,152,1,SolidSolid,-3.484
participant_15,1,day,Town10HD,Solid line crossing,reach_back,0.96,neutral,0.533,56.084,2026-04-08 13:23:09.224043,355249,6762.402282912284,57.876866,67.016976,0.000446815,150,1,SolidSolid,-0.139
participant_15,1,day,Town10HD,Harsh braking,reach_back,0.948,neutral,0.409,41.534,2026-04-08 13:23:11.445106,355280,6763.487282916904,69.763206,68.759846,0.00303129,11,1,decel_mps2=7.349,-1.728
participant_16,1,day,Town10HD,Stop sign violation,,0.995,neutral,0.535,22.346,2026-04-11 14:37:50.865736,556250,10567.97413783893,24.346511,69.784141,-8.0312e-05,12,1,stop_sign_id=946,-2.059
participant_16,1,day,Town10HD,Harsh braking,,0.879,fear,0.66,13.819,2026-04-11 14:38:17.136339,556585,10579.699137888849,76.690436,24.043583,0.002513655,21,-1,decel_mps2=3.926,1.583
participant_16,1,day,Town10HD,Stop sign violation,,0.98,neutral,0.977,19.964,2026-04-11 14:41:11.142610,559146,10669.334138270468,39.194325,55.397184,-0.001153644,152,1,stop_sign_id=1062,-4.305
participant_16,1,day,Town10HD,Stop sign violation,,0.902,neutral,0.981,20.655,2026-04-11 14:43:28.434112,561104,10737.864138562232,29.801407,70.375507,0.002510941,150,1,stop_sign_id=1067,-2.81
participant_16,1,day,Town10HD,Harsh braking,,0.917,sad,0.356,25.978,2026-04-11 14:44:57.344246,562361,10781.85913874954,4.044112,-67.394214,-0.000262649,17,-2,decel_mps2=5.622,-1.342
participant_16,1,day,Town10HD,Solid line crossing,,0.964,fear,0.831,53.286,2026-04-11 14:45:21.633680,562765,10795.99913880974,-72.541428,-64.578104,0.000632025,6,1,SolidSolid,-0.777
participant_17,1,day,Town10HD,Harsh braking,,0.988,neutral,0.961,39.694,2026-04-14 09:26:44.064648,250629,4637.327834077179,105.466674,7.865267,0.003488287,566,-1,decel_mps2=6.482,-1.492
participant_17,1,day,Town10HD,Vehicle-pedestrian collision,,1.0,neutral,0.925,31.386,2026-04-14 09:26:43.285783,250640,4637.712834078819,107.291999,6.13095,0.003856976,566,-1,walker.pedestrian.0050,-1.437
participant_17,1,day,Town10HD,Vehicle-pedestrian collision,,0.952,happy,1.0,9.102,2026-04-14 09:26:57.472986,250698,4639.742834087461,109.681095,-0.594894,0.003537651,566,-1,walker.pedestrian.0050,-10.789
participant_17,1,day,Town10HD,Vehicle-pedestrian collision,reach_back,0.883,neutral,0.928,33.763,2026-04-14 09:26:58.335894,250756,4641.772834096104,108.364841,-11.883509,0.002557927,0,-1,walker.pedestrian.0050,2.965
participant_17,1,day,Town10HD,Stop sign violation,,1.0,neutral,1.0,27.479,2026-04-14 09:30:49.181208,253964,4754.052834574133,51.220209,67.418628,0.004599743,150,1,stop_sign_id=1067,-14.401
participant_17,1,day,Town10HD,Solid line crossing,,0.959,happy,1.0,23.308,2026-04-14 09:31:39.454138,254732,4780.932834688574,82.81225,122.473602,0.000121834,1,2,Solid,5.318
participant_17,1,day,Town10HD,Harsh braking,,0.946,neutral,0.907,27.478,2026-04-14 09:32:03.656138,255055,4792.237834736705,-11.731465,131.496178,0.00049216,4,-2,decel_mps2=5.583,0.059
participant_17,1,day,Town10HD,Stop sign violation,,0.906,neutral,0.976,11.317,2026-04-14 09:32:57.522627,255872,4820.832834858447,28.762867,69.791764,0.004154459,150,1,stop_sign_id=1067,-1.677
participant_17,1,day,Town10HD,Solid line crossing,,0.953,neutral,0.986,24.648,2026-04-14 09:33:09.613276,256039,4826.677834883332,44.844811,45.217646,0.001797727,9,-1,Solid,-0.312
participant_17,1,day,Town10HD,Harsh braking,,0.966,neutral,1.0,23.039,2026-04-14 09:34:43.056183,257477,4877.007835097611,-13.758068,-66.961954,0.004760504,7,2,decel_mps2=23.651,0.453
participant_18,1,day,Town10HD,Harsh braking,,0.95,neutral,0.369,11.007,2026-04-17 16:15:23.695145,27309,848.0115801356733,49.650379,36.473003,0.00216358,842,2,decel_mps2=3.765,4.201
participant_18,1,day,Town10HD,Harsh braking,,0.988,neutral,0.349,20.238,2026-04-17 16:15:32.370945,27469,853.6115801595151,61.854913,26.105901,0.00376672,21,-2,decel_mps2=4.621,-0.962
participant_18,1,day,Town10HD,Harsh braking,,0.917,neutral,0.648,10.836,2026-04-17 16:15:36.685310,27534,855.8865801692009,64.113055,26.974068,0.00185589,21,-2,decel_mps2=4.181,1.08
participant_18,1,day,Town10HD,Vehicle collision,,0.921,neutral,0.656,8.547,2026-04-17 16:15:38.565865,27539,856.061580169946,66.156577,27.436745,-0.00020294,21,-2,vehicle.ford.crown,0.261
participant_18,1,day,Town10HD,Harsh braking,,0.913,neutral,0.966,15.673,2026-04-17 16:16:04.706603,27955,870.6215802319348,77.88249,28.013886,0.001060962,21,-1,decel_mps2=4.272,0.835
participant_18,1,day,Town10HD,Vehicle collision,,1.0,neutral,1.0,38.003,2026-04-17 16:17:30.408045,29259,916.261580426246,-20.761257,-69.793319,0.001622782,7,2,vehicle.dodge.charger_2020,1.579
participant_18,1,day,Town10HD,Solid line crossing,,1.0,neutral,0.549,50.883,2026-04-17 16:17:50.376843,29466,923.5065804570912,-107.947527,-47.520012,0.000222211,6,2,Solid,-4.239
participant_18,1,day,Town10HD,Harsh braking,,1.0,neutral,0.749,11.779,2026-04-17 16:18:39.745782,30168,948.0765805616976,-72.211353,28.966577,0.003490354,19,-2,decel_mps2=4.112,-0.775
participant_18,1,day,Town10HD,Solid line crossing,,0.962,angry,0.532,17.197,2026-04-17 16:19:06.160251,30569,962.1115806214513,42.241449,47.213153,-0.000228258,9,1,SolidSolid,-0.8
participant_18,1,day,Town10HD,Harsh braking,,0.97,happy,0.949,27.568,2026-04-17 16:19:26.655862,30793,969.9515806548296,71.687602,71.195417,0.002537423,11,1,decel_mps2=5.550,-2.634
participant_18,1,day,Town10HD,Solid line crossing,,1.0,sad,1.0,30.312,2026-04-17 16:20:22.440813,31682,1001.0665807873012,-25.431443,71.428149,0.001349033,12,1,SolidSolid,5.255
participant_18,1,day,Town10HD,Solid line crossing,,0.896,neutral,0.906,28.602,2026-04-17 16:20:30.608887,31744,1003.2365807965398,-10.094609,67.157487,-0.000369521,12,1,SolidSolid,-2.63
participant_18,1,day,Town10HD,Harsh braking,,0.953,sad,0.439,24.053,2026-04-17 16:21:01.988826,32160,1017.7965808585286,41.24828,45.496906,3.0775e-05,9,-1,decel_mps2=5.394,9.08
participant_18,1,day,Town10HD,Harsh braking,,1.0,sad,0.455,17.705,2026-04-17 16:21:12.686635,32331,1023.7815808840096,75.972064,24.419836,0.000792502,21,-1,decel_mps2=41.487,-1.043
participant_18,1,day,Town10HD,Solid line crossing,,0.986,neutral,0.567,52.446,2026-04-17 16:21:35.245177,32778,1039.4265809506178,106.043267,-9.665247,0.003328062,0,-1,SolidSolid,1.506
participant_18,1,day,Town10HD,Harsh braking,,1.0,sad,0.899,35.034,2026-04-17 16:22:52.182543,33815,1075.7215811051428,-74.725966,28.417446,0.004820338,19,-2,decel_mps2=6.713,-1.747
participant_18,1,day,Town10HD,Harsh braking,,0.997,happy,0.849,26.027,2026-04-17 16:23:34.323992,34414,1096.6865811944008,20.668258,27.821013,0.004215026,20,-2,decel_mps2=4.894,-0.771
participant_18,1,day,Town10HD,Harsh braking,,0.985,neutral,0.916,20.153,2026-04-17 16:23:59.653715,34830,1111.2465812563896,77.022784,71.19243,0.001235662,11,1,decel_mps2=4.788,-1.402
participant_01,2,day,Town10HD,Stop sign violation,,1.0,neutral,0.993,20.26,2026-02-19 09:39:05.557451,8349,74.42764853686094,28.049922943115234,69.93924713134766,0.0017076110234484,150,1,stop_sign_id=1067,-4.157
participant_01,2,day,Town10HD,Solid line crossing,,1.0,neutral,0.587,33.128,2026-02-19 09:40:09.390718,9281,107.04764867573977,74.43949890136719,-64.0167236328125,0.0019824600312858,10,-1,Solid,-4.539
participant_01,2,day,Town10HD,Vehicle collision,,1.0,angry,0.726,1.695,2026-02-19 09:40:50.701421,9891,128.39764876663685,-20.908939361572266,-64.83653259277344,0.0017350387061014,7,1,vehicle.ford.mustang,0.851
participant_01,2,day,Town10HD,Stop sign violation,,1.0,neutral,0.419,26.811,2026-02-19 09:43:05.579126,11823,196.01764905452728,40.666282653808594,54.28105163574219,0.0014320755144581,152,1,stop_sign_id=1062,-3.966
participant_19,1,day,Town10HD,Solid line crossing,,1.002,neutral,0.932,46.450,2026-02-19T10:08:03.985229,28593,541.2029463440149,-3.271,70.291,0.002,12,1,SolidSolid,2.519
participant_19,1,day,Town10HD,Solid line crossing,,0.997,happy,0.969,18.340,2026-02-19T10:09:36.503503,33454,633.721220019419,-18.508,-67.492,0.002,7,1,SolidSolid,21.368
participant_19,1,day,Town10HD,Harsh braking,,1.004,neutral,0.990,46.228,2026-02-19T10:01:15.258504,7064,132.47622097312743,106.148,16.819,0.002,637,-1,decel_mps2=6.885,3.234
participant_19,1,day,Town10HD,Solid line crossing,,0.974,happy,0.964,15.890,2026-02-19T10:06:19.130137,23151,436.3478539681166,-2.167,-63.980,0.004,17,-1,SolidSolid,-4.611
participant_19,1,day,Town10HD,Solid line crossing,,0.975,neutral,0.619,49.291,2026-02-19T10:04:45.416255,18151,342.6339722127905,106.548,-8.792,0.005,0,-1,SolidSolid,0.804
participant_19,1,day,Town10HD,Harsh braking,,1.000,sad,0.911,34.710,2026-02-19T10:02:33.766348,11178,210.9840654435748,-74.281,32.671,0.005,19,-2,decel_mps2=6.713,-2.000
participant_19,1,day,Town10HD,Harsh braking,,1.001,neutral,0.833,12.717,2026-02-19T10:03:55.865699,15550,293.0834164831318,-110.120,-1.099,-0.000,6,1,decel_mps2=4.196,-0.732
participant_19,1,day,Town10HD,Solid line crossing,,0.954,neutral,0.986,23.484,2026-02-19T10:10:15.261372,35665,672.4790887066998,41.241,44.988,0.002,9,-1,Solid,-0.802
participant_19,1,day,Town10HD,Harsh braking,,0.989,neutral,0.947,38.361,2026-02-19T10:05:39.414733,21109,396.6324495685548,11.098,73.589,0.004,12,1,decel_mps2=6.956,-1.763
participant_19,1,day,Town10HD,Solid line crossing,,1.000,happy,0.808,25.007,2026-02-19T10:02:33.635430,11073,210.85314734459817,41.990,43.802,0.002,9,1,SolidSolid,9.464
participant_19,1,day,Town10HD,Harsh braking,,0.972,sad,0.432,25.421,2026-02-19T10:03:03.423525,12699,240.64124162602207,42.452,46.437,0.005,9,-1,decel_mps2=5.394,10.197
participant_19,1,day,Town10HD,Harsh braking,,0.943,neutral,0.989,29.210,2026-02-19T10:07:39.119442,27350,516.3371585695386,-8.952,129.954,0.002,4,-2,decel_mps2=5.583,-0.924
participant_19,1,day,Town10HD,Solid line crossing,reach_back,0.884,happy,0.977,9.918,2026-02-19T10:09:56.391364,34611,653.609080922383,82.763,73.955,0.001,11,1,Solid,26.878
participant_19,1,day,Town10HD,Harsh braking,,0.974,sad,0.442,24.680,2026-02-19T10:09:29.456592,33116,626.6743089064383,40.889,45.589,0.004,9,-1,decel_mps2=5.394,9.859
participant_19,1,day,Town10HD,Harsh braking,,0.971,happy,0.922,27.645,2026-02-19T10:02:29.490809,10953,206.7085258082712,74.002,69.804,0.003,11,1,decel_mps2=5.550,-2.720
participant_19,1,day,Town10HD,Solid line crossing,,0.886,neutral,0.966,27.597,2026-02-19T10:09:21.447664,32637,618.6653813661562,-7.759,67.138,0.002,12,1,SolidSolid,-2.821
participant_19,2,day,Town10HD,Stop sign violation,,0.999,neutral,0.422,25.587,2026-02-19T10:21:54.276320,13652,257.53003705259613,41.660,54.681,0.002,152,1,stop_sign_id=1062,-4.055
participant_19,2,day,Town10HD,Harsh braking,,0.886,fear,0.672,12.873,2026-02-19T10:24:55.668284,23265,438.9220013865554,79.316,25.979,0.002,21,-1,decel_mps2=3.926,1.420
participant_19,2,day,Town10HD,Solid line crossing,,1.000,happy,0.935,31.679,2026-02-19T10:25:55.458841,26380,498.71255754376523,40.184,49.846,0.002,9,1,SolidSolid,-0.716
participant_19,2,day,Town10HD,Stop sign violation,,0.959,neutral,0.547,10.938,2026-02-19T10:20:29.644460,9154,172.89817713020125,42.098,54.056,-0.000,152,1,stop_sign_id=1062,1.502
participant_19,2,day,Town10HD,Harsh braking,,1.000,happy,0.848,33.034,2026-02-19T10:27:33.247381,31538,596.5010975305503,74.139,66.818,0.005,11,1,decel_mps2=5.550,-2.953
participant_19,2,day,Town10HD,Stop sign violation,,0.997,neutral,0.860,18.903,2026-02-19T10:26:07.174808,27073,510.42852492334305,40.003,52.886,0.001,152,1,stop_sign_id=1062,-4.398
participant_19,2,day,Town10HD,Solid line crossing,,0.973,neutral,0.655,50.077,2026-02-19T10:20:52.828217,10408,196.0819339201415,106.763,-10.361,0.005,0,-1,SolidSolid,0.614
participant_19,2,day,Town10HD,Harsh braking,,0.995,happy,0.854,26.543,2026-02-19T10:21:54.756871,13591,258.01058781347086,18.444,27.030,0.004,20,-2,decel_mps2=4.894,-0.895
participant_19,2,day,Town10HD,Harsh braking,,0.925,neutral,0.728,13.952,2026-02-19T10:24:42.592404,22531,425.84612142847004,81.492,26.075,0.002,21,-1,decel_mps2=27.072,nan
participant_19,2,day,Town10HD,Solid line crossing,,1.000,happy,0.943,17.168,2026-02-19T10:24:56.114862,23180,439.3685792496995,-16.059,-65.949,0.004,7,1,SolidSolid,24.628
participant_19,2,day,Town10HD,Solid line crossing,,0.996,neutral,0.421,47.369,2026-02-19T10:27:23.565133,31044,586.8188503220443,77.178,130.619,0.002,1,2,Solid,nan
participant_19,2,day,Town10HD,Solid line crossing,,0.998,happy,0.991,26.585,2026-02-19T10:21:06.170364,11071,209.4240808414305,79.734,121.750,0.000,1,2,Solid,4.947
participant_19,2,day,Town10HD,Solid line crossing,reach_back,0.960,neutral,0.477,52.165,2026-02-19T10:24:59.560676,23469,442.8143934236519,60.590,71.344,0.002,150,1,SolidSolid,-0.486
participant_19,2,day,Town10HD,Vehicle-pedestrian collision,,0.952,happy,1.012,8.015,2026-02-19T10:27:18.002707,30704,581.2564240500562,111.343,0.498,0.004,566,-1,walker.pedestrian.0050,-10.830
participant_19,2,day,Town10HD,Solid line crossing,,0.999,neutral,0.578,27.578,2026-02-19T10:25:21.202384,24605,464.4561010030129,41.318,38.998,0.004,848,-1,SolidSolid,3.308
participant_19,2,day,Town10HD,Harsh braking,,0.988,neutral,0.970,46.399,2026-02-19T10:24:00.890513,20291,384.1442295485541,106.055,12.960,0.003,637,-1,decel_mps2=6.885,3.804
participant_19,2,day,Town10HD,Stop sign violation,,0.970,neutral,0.572,21.143,2026-02-19T10:22:38.260374,15902,301.5140909959859,27.005,71.824,0.003,150,1,stop_sign_id=1067,nan
participant_19,3,day,Town10HD,Vehicle-pedestrian collision,,1.001,neutral,1.006,29.742,2026-02-19T10:48:04.630646,87103,1645.4883632923832,112.195,3.839,0.001,566,-1,walker.pedestrian.0050,-2.231
participant_19,3,day,Town10HD,Harsh braking,,0.913,neutral,0.446,26.133,2026-02-19T10:46:27.760469,81951,1548.6181858708585,-93.228,22.910,0.004,795,-1,decel_mps2=3.531,-7.848
participant_19,3,day,Town10HD,Solid line crossing,,0.886,neutral,0.983,33.335,2026-02-19T10:43:21.071074,72146,1361.9287913120643,-101.332,-51.920,0.002,6,1,SolidSolid,nan
participant_19,3,day,Town10HD,Harsh braking,,0.997,neutral,0.752,12.674,2026-02-19T10:41:37.163400,66506,1258.021116635079,-73.719,29.529,0.003,19,-2,decel_mps2=4.112,-0.087
participant_19,3,day,Town10HD,Stop sign violation,,0.922,neutral,0.970,12.512,2026-02-19T10:48:48.684541,89382,1689.5422581216483,30.407,69.602,0.002,150,1,stop_sign_id=1067,-2.135
participant_19,3,day,Town10HD,Stop sign violation,,0.977,neutral,0.394,17.239,2026-02-19T10:46:11.570891,81002,1532.4286079321773,25.344,67.465,0.004,150,1,stop_sign_id=1067,-5.624
participant_19,3,day,Town10HD,Solid line crossing,,0.959,happy,0.990,23.392,2026-02-19T10:44:13.525511,74796,1414.3832283489116,81.361,123.081,0.000,1,2,Solid,4.959
participant_19,3,day,Town10HD,Solid line crossing,,0.999,fear,0.467,35.876,2026-02-19T10:47:11.835643,84340,1592.6933598623468,-6.123,27.791,0.001,20,-2,Solid,1.109
participant_19,3,day,Town10HD,Stop sign violation,,0.917,neutral,0.987,11.418,2026-02-19T10:49:51.534105,92723,1752.3918217255948,27.960,69.154,0.002,150,1,stop_sign_id=1067,-2.247
participant_19,3,day,Town10HD,Stop sign violation,,0.999,neutral,0.442,19.085,2026-02-19T10:45:06.785562,77606,1467.6432789923383,38.207,55.920,0.001,152,1,stop_sign_id=1062,nan
participant_19,3,day,Town10HD,Solid line crossing,,0.944,fear,0.484,35.886,2026-02-19T10:41:49.691080,67238,1270.5487969557305,-8.022,25.240,0.003,20,-2,Solid,0.308
participant_19,3,day,Town10HD,Solid line crossing,,0.997,neutral,0.978,50.977,2026-02-19T10:50:25.035130,94476,1785.8928468018757,-2.515,70.185,0.002,12,1,SolidSolid,2.588
participant_19,3,day,Town10HD,Harsh braking,,0.999,sad,0.460,27.233,2026-02-19T10:41:38.830105,66672,1259.6878224907175,42.448,53.102,0.002,9,-1,decel_mps2=5.394,8.717
participant_19,3,day,Town10HD,Solid line crossing,,0.968,sad,0.448,30.091,2026-02-19T10:43:22.841970,72151,1363.6996870230842,48.408,44.321,0.002,9,-1,Solid,nan
participant_20,1,day,Town10HD,Harsh braking,,0.918,neutral,0.660,10.257,2026-02-19T11:03:45.192834,20099,379.45055134341965,68.075,25.754,0.002,21,-2,decel_mps2=4.181,1.002
participant_20,1,day,Town10HD,Harsh braking,,0.933,neutral,0.987,25.079,2026-02-19T10:59:04.141120,5145,98.39883738687658,72.278,24.335,0.002,21,-1,decel_mps2=5.122,-2.677
participant_20,1,day,Town10HD,Harsh braking,,0.998,neutral,0.707,41.318,2026-02-19T10:57:25.507407,0,-0.2348762826824844,101.934,23.653,0.003,637,-1,decel_mps2=7.230,-14.446
participant_20,1,day,Town10HD,Solid line crossing,,0.996,neutral,0.564,54.717,2026-02-19T11:02:05.248682,14707,279.5063986964478,-106.787,-50.230,0.003,6,2,Solid,-3.302
participant_20,1,day,Town10HD,Harsh braking,,0.969,neutral,0.400,21.017,2026-02-19T11:03:24.840299,18965,359.09801567015165,41.892,46.798,0.002,9,1,decel_mps2=32.883,nan
participant_20,1,day,Town10HD,Solid line crossing,,0.965,fear,0.839,53.563,2026-02-19T11:07:13.258948,31059,587.5166646577459,-75.299,-65.920,0.001,6,1,SolidSolid,-0.814
participant_20,1,day,Town10HD,Harsh braking,,0.912,neutral,0.678,13.219,2026-02-19T11:02:33.879251,16311,308.1369681365278,77.218,26.234,0.000,21,-1,decel_mps2=27.072,5.470
participant_20,1,day,Town10HD,Solid line crossing,,0.999,neutral,0.965,49.968,2026-02-19T10:57:38.919662,647,13.177379394772792,-5.900,66.902,0.002,12,1,SolidSolid,2.433
participant_20,1,day,Town10HD,Harsh braking,,0.882,fear,0.664,13.796,2026-02-19T10:58:05.608212,2131,39.865929054995775,74.973,25.853,0.002,21,-1,decel_mps2=3.926,0.930
participant_20,1,day,Town10HD,Solid line crossing,,0.995,sad,0.406,25.503,2026-02-19T11:01:59.025758,14467,273.2834750290099,37.691,48.141,0.002,9,1,SolidSolid,nan
participant_20,1,day,Town10HD,Harsh braking,,0.916,neutral,0.975,14.683,2026-02-19T11:00:03.205905,8379,157.4636219095974,74.849,21.230,0.001,21,-1,decel_mps2=4.272,1.163
participant_20,1,day,Town10HD,Harsh braking,,1.001,neutral,0.967,46.166,2026-02-19T11:05:24.651161,25365,478.9088775527812,105.863,10.744,0.002,637,-1,decel_mps2=6.885,3.191
participant_20,1,day,Town10HD,Vehicle-pedestrian collision,,1.002,happy,1.009,9.933,2026-02-19T10:57:43.395001,915,17.652718073523044,105.175,-4.110,0.001,566,-1,walker.pedestrian.0050,-10.172
participant_20,1,day,Town10HD,Harsh braking,,0.946,happy,0.640,41.302,2026-02-19T10:58:09.538521,2345,43.79623763855578,74.042,70.040,-0.001,11,1,decel_mps2=6.711,-2.993
participant_20,1,day,Town10HD,Harsh braking,,0.981,neutral,0.380,11.834,2026-02-19T10:59:50.739010,7665,144.9967270433645,44.534,36.204,0.000,842,2,decel_mps2=3.765,4.588
participant_20,1,day,Town10HD,Harsh braking,,0.999,neutral,0.687,40.835,2026-02-19T11:05:14.508306,24842,468.76602322866836,99.141,19.803,0.002,637,-1,decel_mps2=7.230,-15.049
participant_20,1,day,Town10HD,Solid line crossing,,1.000,happy,0.835,23.850,2026-02-19T11:01:47.653672,13969,261.91138875979414,40.524,41.240,0.002,9,1,SolidSolid,9.603
participant_20,1,day,Town10HD,Harsh braking,,1.004,sad,0.432,26.683,2026-02-19T10:57:30.957479,305,5.2151959526803395,39.541,47.061,0.002,9,-1,decel_mps2=5.394,9.000
participant_20,1,day,Town10HD,Stop sign violation,,0.994,neutral,0.873,19.317,2026-02-19T11:02:17.182854,15489,291.44057052386285,41.009,50.217,-0.001,152,1,stop_sign_id=1062,-2.398
participant_20,2,day,Town10HD,Harsh braking,,0.915,neutral,0.452,24.462,2026-02-19T11:30:18.016672,22584,426.1833888812786,-93.139,27.207,0.004,795,-1,decel_mps2=3.531,-8.245
participant_20,2,day,Town10HD,Harsh braking,,0.974,sad,0.468,24.397,2026-02-19T11:30:14.838712,22376,423.005428724718,36.643,45.590,0.005,9,-1,decel_mps2=5.394,9.407
participant_20,2,day,Town10HD,Harsh braking,reach_back,0.911,neutral,0.950,10.735,2026-02-19T11:33:07.047353,31433,595.2140701602835,-110.001,-1.824,0.002,6,1,decel_mps2=4.091,0.293
participant_20,3,day,Town10HD,Stop sign violation,,0.992,neutral,1.003,17.978,2026-02-19T11:42:13.830762,162704,3074.395479438981,21.890,68.079,0.004,150,1,stop_sign_id=1067,-5.137
participant_20,3,day,Town10HD,Solid line crossing,,0.857,happy,0.595,39.405,2026-02-19T11:48:02.756261,181149,3423.320977762598,-22.622,66.620,-0.001,12,1,SolidSolid,6.420
participant_20,3,day,Town10HD,Harsh braking,reach_back,0.973,happy,0.778,47.153,2026-02-19T11:41:42.416357,161121,3042.9810742390205,39.834,45.138,0.002,9,-1,decel_mps2=6.767,10.143
participant_20,3,day,Town10HD,Harsh braking,,0.978,neutral,0.671,9.019,2026-02-19T11:40:50.673556,158330,2991.2382732870524,66.090,20.829,0.004,21,-2,decel_mps2=4.181,-0.002
participant_20,3,day,Town10HD,Harsh braking,,1.003,sad,0.491,16.172,2026-02-19T11:50:06.911564,187875,3547.4762813150305,73.599,23.315,-0.001,21,-1,decel_mps2=41.487,-1.032
participant_20,3,day,Town10HD,Harsh braking,,0.969,happy,0.657,44.433,2026-02-19T11:44:11.795127,168976,3192.359844468366,70.280,68.514,0.002,11,1,decel_mps2=6.711,-2.581
participant_20,3,day,Town10HD,Solid line crossing,,0.958,happy,1.004,23.795,2026-02-19T11:46:09.319230,175045,3309.8839469239065,83.960,120.944,0.000,1,2,Solid,5.424
participant_20,3,day,Town10HD,Harsh braking,reach_back,0.939,neutral,0.975,15.419,2026-02-19T11:44:19.070791,169395,3199.6355080045473,73.768,25.799,0.002,21,-1,decel_mps2=4.685,1.500
participant_20,3,day,Town10HD,Solid line crossing,,0.993,neutral,0.552,54.684,2026-02-19T11:42:32.474724,163721,3093.0394406790965,-103.745,-43.316,0.003,6,2,Solid,-3.607
participant_20,3,day,Town10HD,Solid line crossing,,0.975,happy,0.963,15.972,2026-02-19T11:46:00.544053,174714,3301.1087700267726,-1.161,-62.306,0.004,17,-1,SolidSolid,-4.336
participant_21,1,day,Town10HD,Solid line crossing,,0.997,neutral,0.930,22.515,2026-02-19T12:09:02.446965,19812,374.8596824270315,-69.765,-59.457,0.001,6,1,SolidSolid,8.065
participant_21,1,day,Town10HD,Harsh braking,,0.999,neutral,1.021,38.004,2026-02-19T12:07:22.413332,14476,274.8260487609487,108.899,7.772,0.002,566,-1,decel_mps2=6.482,-0.904
participant_21,1,day,Town10HD,Stop sign violation,,0.999,neutral,0.422,26.681,2026-02-19T12:05:18.228542,7984,150.6412592679845,36.641,53.247,0.001,152,1,stop_sign_id=1062,-3.738
participant_21,1,day,Town10HD,Stop sign violation,,0.945,neutral,0.444,19.096,2026-02-19T12:03:43.204800,2892,55.617516672802275,27.613,73.311,0.002,150,1,stop_sign_id=1067,nan
participant_21,1,day,Town10HD,Harsh braking,,0.931,neutral,1.010,26.944,2026-02-19T12:10:24.263319,24205,456.67603589309647,-11.596,-65.019,0.004,7,2,decel_mps2=23.651,-0.241
participant_21,1,day,Town10HD,Stop sign violation,,0.891,neutral,0.621,17.794,2026-02-19T12:03:16.485069,1555,28.89778598051195,25.826,63.965,0.001,150,1,stop_sign_id=1067,nan
participant_21,1,day,Town10HD,Stop sign violation,,0.905,neutral,0.464,18.079,2026-02-19T12:06:48.160046,12743,240.5727626327985,28.788,68.579,0.001,150,1,stop_sign_id=1067,-9.879
participant_21,1,day,Town10HD,Solid line crossing,,0.974,happy,0.939,16.951,2026-02-19T12:08:32.751227,18201,345.16394364336816,-6.000,-63.558,0.004,17,-1,SolidSolid,-4.696
participant_21,1,day,Town10HD,Solid line crossing,,1.003,happy,0.970,14.499,2026-02-19T12:12:46.245993,31651,598.6587102628372,-7.023,-65.209,0.001,17,-1,SolidSolid,-3.374
participant_21,1,day,Town10HD,Harsh braking,,0.961,neutral,0.376,11.481,2026-02-19T12:04:19.437110,4897,91.84982673804844,47.482,42.193,0.002,842,2,decel_mps2=3.765,4.166
participant_21,1,day,Town10HD,Solid line crossing,,0.921,neutral,0.615,16.643,2026-02-19T12:12:34.373439,31117,586.786155701195,73.912,23.420,0.002,21,-1,Solid,nan
participant_21,1,day,Town10HD,Harsh braking,,1.001,neutral,0.997,36.407,2026-02-19T12:05:52.169775,9776,184.58249181199415,105.407,7.178,0.002,566,-1,decel_mps2=6.482,-1.561
participant_21,1,day,Town10HD,Harsh braking,,1.000,happy,0.555,27.773,2026-02-19T12:06:38.897765,12130,231.31048217204375,-21.809,-70.936,0.002,7,2,decel_mps2=5.636,-0.350
participant_21,1,day,Town10HD,Solid line crossing,,0.841,happy,0.610,41.868,2026-02-19T12:05:29.126964,8535,161.53968070930026,-23.860,67.158,-0.001,12,1,SolidSolid,6.779
participant_21,2,day,Town10HD,Red light violation,,0.894,neutral,0.708,42.179,2026-02-19T12:32:13.010635,12999,243.9593518111372,-27.714,128.475,0.002,4,-2,traffic_light_id=45,nan
participant_21,2,day,Town10HD,Harsh braking,,0.998,neutral,0.773,11.418,2026-02-19T12:36:36.123672,26804,507.0723888784869,-73.583,29.358,0.004,19,-2,decel_mps2=4.112,-0.759
participant_21,2,day,Town10HD,Solid line crossing,,0.998,neutral,0.561,27.142,2026-02-19T12:30:46.699126,8410,157.64784345036344,42.312,45.663,0.004,848,-1,SolidSolid,3.446
participant_21,2,day,Town10HD,Solid line crossing,,0.960,fear,0.829,53.313,2026-02-19T12:37:07.730106,28516,538.6788234041042,-75.000,-66.728,0.000,6,1,SolidSolid,-0.517
participant_21,2,day,Town10HD,Harsh braking,,1.002,happy,0.833,24.653,2026-02-19T12:32:26.571047,13724,257.51976356750447,23.522,29.999,0.002,20,-2,decel_mps2=4.894,0.517
participant_21,2,day,Town10HD,Harsh braking,,0.937,neutral,0.914,14.831,2026-02-19T12:28:22.473814,662,13.422531498034665,76.615,26.474,0.004,21,-1,decel_mps2=4.272,1.301
participant_21,2,day,Town10HD,Harsh braking,,0.933,neutral,0.623,10.460,2026-02-19T12:31:54.770236,11964,225.71895282672284,60.326,27.323,0.002,21,-2,decel_mps2=4.181,0.774
participant_21,3,day,Town10HD,Harsh braking,,0.880,fear,0.679,13.062,2026-02-19T12:54:56.998025,163343,3086.4257418841407,78.621,21.822,0.002,21,-1,decel_mps2=3.926,1.139
participant_21,3,day,Town10HD,Harsh braking,,0.908,neutral,0.812,19.668,2026-02-19T12:53:51.568211,159872,3020.9959275461106,82.331,24.251,0.002,630,-1,decel_mps2=4.437,nan
participant_21,3,day,Town10HD,Harsh braking,,0.985,neutral,0.959,40.610,2026-02-19T12:53:40.001109,159291,3009.4288264440274,110.231,6.824,0.004,566,-1,decel_mps2=6.482,-1.316
participant_21,3,day,Town10HD,Solid line crossing,,0.902,angry,0.357,30.948,2026-02-19T12:58:13.334622,173660,3282.7623388713987,-23.594,68.817,0.002,900,-1,SolidSolid,8.688
participant_21,3,day,Town10HD,Harsh braking,,0.984,neutral,0.372,11.641,2026-02-19T12:56:28.554094,168259,3177.981811334507,46.182,35.700,0.000,842,2,decel_mps2=3.765,4.737
participant_21,3,day,Town10HD,Harsh braking,,1.003,sad,0.899,34.201,2026-02-19T13:01:30.531254,184186,3479.9589710442697,-74.087,25.666,0.005,19,-2,decel_mps2=6.713,-1.356
participant_21,3,day,Town10HD,Vehicle collision,,1.001,neutral,0.959,34.129,2026-02-19T13:02:42.284238,188023,3551.7119552375707,-21.129,-62.691,0.002,7,2,vehicle.dodge.charger_2020,2.302
participant_21,3,day,Town10HD,Stop sign violation,,0.999,neutral,0.994,19.355,2026-02-19T12:54:21.423789,161479,3050.85150647045,34.749,72.920,0.002,150,1,stop_sign_id=1067,nan
participant_21,3,day,Town10HD,Solid line crossing,,1.000,neutral,0.631,49.860,2026-02-19T13:02:12.966506,186478,3522.3942234244923,104.595,-10.145,0.002,0,-1,SolidSolid,1.313
participant_21,3,day,Town10HD,Harsh braking,reach_back,0.998,happy,0.817,49.679,2026-02-19T12:54:02.281549,160466,3031.709266128126,39.068,43.480,0.004,9,-1,decel_mps2=6.767,11.157
participant_21,3,day,Town10HD,Solid line crossing,,0.947,happy,0.976,31.293,2026-02-19T12:54:29.958125,161836,3059.3858418549194,42.627,47.973,0.000,9,1,SolidSolid,-1.072
participant_21,3,day,Town10HD,Harsh braking,,0.997,happy,0.834,33.386,2026-02-19T12:57:36.573029,171733,3246.0007458918003,76.387,67.749,0.005,11,1,decel_mps2=5.550,-2.232
participant_21,3,day,Town10HD,Harsh braking,,0.998,neutral,0.965,46.884,2026-02-19T12:53:51.671469,159873,3021.099185653928,-9.270,129.609,0.002,4,-1,decel_mps2=6.246,0.894
participant_21,3,day,Town10HD,Harsh braking,reach_back,0.975,happy,0.793,46.494,2026-02-19T12:57:04.462220,170163,3213.889937107362,44.717,43.171,0.002,9,-1,decel_mps2=6.767,9.919
participant_21,3,day,Town10HD,Stop sign violation,,0.923,neutral,0.936,18.980,2026-02-19T12:55:10.880515,164014,3100.308231795753,35.534,68.990,0.002,150,1,stop_sign_id=1067,nan
participant_22,1,day,Town10HD,Harsh braking,,1.001,happy,0.571,30.050,2026-02-19T13:19:45.293077,138487,2618.6027938925854,-17.264,-65.561,0.002,7,2,decel_mps2=5.636,0.236
participant_22,1,day,Town10HD,Solid line crossing,,0.988,neutral,0.559,52.445,2026-02-19T13:23:32.590108,150622,2845.8998250027666,102.872,-11.480,0.003,0,-1,SolidSolid,0.877
participant_22,1,day,Town10HD,Stop sign violation,,0.890,neutral,0.608,19.071,2026-02-19T13:17:59.811050,133014,2513.1207672523938,28.221,68.300,0.001,150,1,stop_sign_id=1067,nan
participant_22,1,day,Town10HD,Harsh braking,,0.967,neutral,0.402,19.916,2026-02-19T13:19:45.856449,138703,2619.1661658426933,42.845,52.380,0.002,9,1,decel_mps2=32.883,nan
participant_22,1,day,Town10HD,Stop sign violation,,0.901,neutral,0.594,15.609,2026-02-19T13:20:23.500168,140660,2656.809885449271,27.290,71.411,0.001,150,1,stop_sign_id=1067,6.893
participant_22,1,day,Town10HD,Stop sign violation,,0.906,neutral,0.704,15.352,2026-02-19T13:20:09.190018,139909,2642.4997345062607,26.751,66.219,0.003,150,1,stop_sign_id=1067,-11.672
participant_22,1,day,Town10HD,Solid line crossing,,0.993,neutral,0.541,55.004,2026-02-19T13:19:38.376626,138230,2611.6863426065875,-106.616,-46.945,0.003,6,2,Solid,-3.941
participant_22,1,day,Town10HD,Solid line crossing,,1.001,neutral,1.007,24.849,2026-02-19T13:22:50.603343,148346,2803.9130596703185,46.780,47.711,0.002,9,-1,Solid,-1.273
participant_22,1,day,Town10HD,Harsh braking,,0.999,neutral,0.373,23.334,2026-02-19T13:23:19.392576,149921,2832.7022928984366,61.098,31.838,0.002,21,-2,decel_mps2=4.621,-1.453
participant_22,1,day,Town10HD,Harsh braking,,0.996,happy,0.784,22.862,2026-02-19T13:25:14.720582,156108,2948.0302987380783,21.723,30.380,0.002,20,-2,decel_mps2=4.894,0.479
participant_22,1,day,Town10HD,Harsh braking,,1.000,neutral,0.711,40.379,2026-02-19T13:23:39.931233,151087,2853.2409503096983,99.958,19.681,0.002,637,-1,decel_mps2=7.230,-14.672
participant_22,1,day,Town10HD,Harsh braking,,0.935,neutral,0.374,23.147,2026-02-19T13:18:01.772762,133091,2515.082479036331,41.025,43.728,0.002,9,1,decel_mps2=4.878,nan
participant_22,1,day,Town10HD,Harsh braking,,0.911,neutral,0.963,15.561,2026-02-19T13:20:17.259057,140272,2650.568773562784,78.778,27.609,0.001,21,-1,decel_mps2=4.272,0.799
participant_22,1,day,Town10HD,Harsh braking,,0.949,neutral,0.983,25.149,2026-02-19T13:20:55.671598,142437,2688.9813154706117,-14.804,-64.025,0.002,7,2,decel_mps2=23.651,-0.286
participant_22,1,day,Town10HD,Harsh braking,,1.000,neutral,1.000,36.981,2026-02-19T13:20:51.848166,142115,2685.157883468771,111.636,9.585,0.002,566,-1,decel_mps2=6.482,-1.257
participant_22,1,day,Town10HD,Solid line crossing,,0.966,fear,0.447,37.133,2026-02-19T13:18:43.337952,135364,2556.6476690626423,-7.548,32.072,0.002,20,-2,Solid,1.858
participant_22,2,day,Town10HD,Solid line crossing,,0.992,happy,0.987,12.856,2026-02-19T13:43:52.890989,23138,437.44970583679304,-1.226,-66.002,0.003,17,-1,SolidSolid,-3.686
participant_22,2,day,Town10HD,Stop sign violation,,1.000,neutral,0.826,16.170,2026-02-19T13:40:23.614171,12173,228.17288842632271,26.827,66.207,-0.000,150,1,stop_sign_id=1067,-4.991
participant_22,2,day,Town10HD,Stop sign violation,,0.964,neutral,0.996,16.668,2026-02-19T13:43:26.105972,21724,410.6646887610498,30.381,69.821,0.001,150,1,stop_sign_id=1067,-3.620
participant_22,2,day,Town10HD,Harsh braking,,1.001,happy,0.573,27.149,2026-02-19T13:40:14.766905,11568,219.3256222182238,-18.748,-65.544,0.002,7,2,decel_mps2=5.636,0.388
participant_22,2,day,Town10HD,Harsh braking,,0.981,neutral,0.902,11.474,2026-02-19T13:42:34.281865,19043,358.8405818620193,-16.532,-71.494,0.000,7,2,decel_mps2=137.839,-10.124
participant_22,2,day,Town10HD,Harsh braking,,0.945,neutral,0.377,11.716,2026-02-19T13:41:52.650057,16801,317.2087740855933,53.429,38.524,0.002,842,2,decel_mps2=3.765,4.057
participant_22,3,day,Town10HD,Harsh braking,,0.966,neutral,0.994,40.208,2026-02-19T14:03:24.012191,4745,88.61190821842922,49.054,48.140,0.004,9,-1,decel_mps2=6.951,-1.440
participant_22,3,day,Town10HD,Solid line crossing,,1.001,happy,0.867,23.445,2026-02-19T14:02:31.723532,1996,36.323249172454396,46.348,40.868,0.001,9,1,SolidSolid,10.954
participant_22,3,day,Town10HD,Solid line crossing,,1.000,neutral,0.998,23.138,2026-02-19T14:07:19.322416,17135,323.92213260923546,40.536,40.629,0.002,9,-1,Solid,11.187
participant_22,3,day,Town10HD,Harsh braking,,0.945,neutral,0.982,26.618,2026-02-19T14:08:01.738047,19334,366.3377640194526,71.939,20.992,0.005,21,-1,decel_mps2=5.122,-2.684
participant_22,3,day,Town10HD,Vehicle collision,,0.998,neutral,1.000,37.851,2026-02-19T14:07:54.551282,19013,359.15099914005077,-24.209,-66.202,0.002,7,2,vehicle.dodge.charger_2020,1.555
participant_22,3,day,Town10HD,Vehicle collision,,1.003,angry,0.726,1.957,2026-02-19T14:07:26.445147,17496,331.04486411328315,-20.525,-62.886,0.002,7,1,vehicle.ford.mustang,0.747
participant_22,3,day,Town10HD,Harsh braking,reach_back,0.911,happy,1.000,28.379,2026-02-19T14:03:10.597613,3945,75.19733028925788,-18.882,133.168,0.002,4,-2,decel_mps2=5.631,1.147
participant_22,3,day,Town10HD,Vehicle-pedestrian collision,,1.000,neutral,1.003,28.982,2026-02-19T14:02:55.547773,3152,60.147489843269675,107.199,4.724,0.002,566,-1,walker.pedestrian.0050,-1.150
participant_22,3,day,Town10HD,Harsh braking,,0.896,neutral,0.458,28.623,2026-02-19T14:03:11.989204,3990,76.58892087970261,12.602,-67.406,0.002,10,-2,decel_mps2=4.578,nan
participant_22,3,day,Town10HD,Solid line crossing,,0.857,happy,0.608,40.131,2026-02-19T14:04:50.587764,9305,175.18748107899796,-25.021,65.166,-0.001,12,1,SolidSolid,6.772
participant_23,1,day,Town10HD,Harsh braking,,0.860,neutral,0.473,32.742,2026-02-19T14:35:08.486185,29083,550.2919021836929,-113.606,-11.055,0.003,6,1,decel_mps2=6.557,-1.730
participant_23,1,day,Town10HD,Stop sign violation,,0.953,neutral,0.953,18.384,2026-02-19T14:35:47.738666,31232,589.5443829550799,43.275,54.308,0.002,152,1,stop_sign_id=1062,-4.728
participant_23,1,day,Town10HD,Solid line crossing,,0.993,neutral,1.004,23.283,2026-02-19T14:35:17.351812,29473,559.1575286176012,45.276,48.249,0.003,9,-1,Solid,-0.498
participant_23,1,day,Town10HD,Solid line crossing,,0.948,happy,0.958,30.013,2026-02-19T14:30:52.911605,15657,294.71732174145603,40.087,48.000,0.000,9,1,SolidSolid,-0.850
participant_23,1,day,Town10HD,Harsh braking,,0.908,neutral,0.676,13.941,2026-02-19T14:32:53.440122,21992,415.24583855664446,77.310,23.182,-0.000,21,-1,decel_mps2=27.072,5.732
participant_23,1,day,Town10HD,Stop sign violation,,1.000,neutral,1.003,19.962,2026-02-19T14:35:50.596836,31376,592.4025530898897,23.520,74.167,0.002,150,1,stop_sign_id=1067,nan
participant_23,1,day,Town10HD,Solid line crossing,,1.004,neutral,1.015,23.881,2026-02-19T14:34:20.740898,26687,502.5466152427468,41.312,44.086,0.002,9,-1,Solid,-0.418
participant_23,1,day,Town10HD,Harsh braking,,0.937,neutral,0.970,29.140,2026-02-19T14:27:03.671021,3497,65.47673848634903,-20.567,132.682,0.002,4,-2,decel_mps2=5.583,0.042
participant_23,1,day,Town10HD,Harsh braking,,0.934,neutral,0.645,10.633,2026-02-19T14:35:03.998187,28835,545.8039037581882,70.986,28.117,0.002,21,-2,decel_mps2=4.181,0.754
participant_23,1,day,Town10HD,Harsh braking,,0.917,neutral,0.657,11.974,2026-02-19T14:26:35.345002,1977,37.15071869807149,62.135,27.009,0.002,21,-2,decel_mps2=4.181,1.276
participant_23,1,day,Town10HD,Solid line crossing,,1.002,happy,0.957,15.224,2026-02-19T14:30:41.036276,14965,282.8419930831197,-5.203,-63.802,0.002,17,-1,SolidSolid,-2.580
participant_23,1,day,Town10HD,Solid line crossing,reach_back,0.970,neutral,0.501,52.723,2026-02-19T14:28:29.290443,7997,151.09615999235268,55.443,68.738,0.002,150,1,SolidSolid,0.019
participant_23,1,day,Town10HD,Harsh braking,,0.909,neutral,0.424,26.082,2026-02-19T14:34:08.907132,26016,490.71284863709315,-94.920,22.574,0.002,795,-1,decel_mps2=3.531,nan
participant_23,1,day,Town10HD,Stop sign violation,,0.999,neutral,0.900,7.960,2026-02-19T14:29:24.412478,10969,206.21819480964774,25.738,73.582,0.002,12,1,stop_sign_id=946,-0.058
participant_23,1,day,Town10HD,Harsh braking,,0.898,neutral,0.473,43.747,2026-02-19T14:35:34.354808,30454,576.1605254460807,-6.769,130.429,0.004,4,-2,decel_mps2=6.648,-9.907
participant_23,1,day,Town10HD,Harsh braking,,0.934,neutral,0.646,8.884,2026-02-19T14:29:59.621205,12837,241.42692200825823,59.968,30.884,0.002,21,-2,decel_mps2=4.181,0.839
participant_23,1,day,Town10HD,Solid line crossing,,1.002,neutral,1.004,21.737,2026-02-19T14:30:04.988677,13127,246.7943935107568,44.115,44.256,0.002,9,-1,Solid,nan
participant_23,2,day,Town10HD,Harsh braking,,0.974,sad,0.981,37.704,2026-02-19T14:43:42.623073,5135,98.45879004169042,-69.194,25.793,0.001,19,-2,decel_mps2=6.713,-0.219
participant_23,2,day,Town10HD,Vehicle-pedestrian collision,reach_back,0.899,neutral,0.922,34.342,2026-02-19T14:46:41.239048,14679,277.0747645700818,104.042,-6.353,-0.001,0,-1,walker.pedestrian.0050,3.308
participant_23,2,day,Town10HD,Stop sign violation,,1.004,neutral,0.421,27.392,2026-02-19T14:44:07.350482,6470,123.18619936466439,41.770,58.978,0.001,152,1,stop_sign_id=1062,-4.054
participant_23,2,day,Town10HD,Harsh braking,reach_back,0.796,neutral,0.952,21.828,2026-02-19T14:52:08.676787,31983,604.5125041030809,83.814,72.687,0.003,11,1,decel_mps2=4.618,-2.344
participant_23,3,day,Town10HD,Red light violation,,0.894,neutral,0.699,43.589,2026-02-19T15:06:06.265096,44285,836.1138131505844,-25.210,129.020,0.002,4,-2,traffic_light_id=45,nan
participant_23,3,day,Town10HD,Harsh braking,,0.931,neutral,0.466,39.086,2026-02-19T15:02:26.670085,32609,616.5188017743595,-5.729,130.925,0.002,4,-2,decel_mps2=6.648,nan
participant_23,3,day,Town10HD,Harsh braking,,0.987,neutral,0.898,10.937,2026-02-19T14:58:06.974546,18970,356.8232627393557,-15.537,-69.442,0.000,7,2,decel_mps2=137.839,-10.440
participant_23,3,day,Town10HD,Solid line crossing,,1.000,neutral,0.551,29.487,2026-02-19T15:06:18.238957,44824,848.087674063788,40.944,38.985,0.002,848,-1,SolidSolid,nan
participant_23,3,day,Town10HD,Stop sign violation,,0.994,neutral,0.906,18.464,2026-02-19T15:07:32.198317,48808,922.0470338523468,25.760,64.908,0.003,150,1,stop_sign_id=1067,-4.575
participant_23,3,day,Town10HD,Stop sign violation,reach_back,0.927,neutral,0.938,13.889,2026-02-19T15:02:37.123263,33236,626.9719803596308,31.216,69.524,0.002,150,1,stop_sign_id=1067,-6.744
participant_23,3,day,Town10HD,Stop sign violation,,0.955,neutral,0.546,11.168,2026-02-19T15:00:11.212893,25509,481.0616096735491,40.072,61.861,-0.000,152,1,stop_sign_id=1062,1.630
participant_23,3,day,Town10HD,Stop sign violation,,0.999,neutral,0.878,18.874,2026-02-19T15:07:37.260462,49185,927.1091791060556,37.490,49.181,-0.001,152,1,stop_sign_id=1062,-2.207
participant_23,3,day,Town10HD,Stop sign violation,,0.947,neutral,0.417,17.901,2026-02-19T15:01:13.152727,28808,543.0014444538282,27.442,71.303,0.002,150,1,stop_sign_id=1067,nan
participant_23,3,day,Town10HD,Vehicle-pedestrian collision,,1.000,neutral,0.997,28.087,2026-02-19T15:02:03.606072,31395,593.4547888744993,105.573,2.440,0.002,566,-1,walker.pedestrian.0050,-0.628
participant_23,3,day,Town10HD,Harsh braking,,0.927,neutral,0.724,12.860,2026-02-19T15:07:22.695265,48241,912.543982097285,82.981,29.325,0.002,21,-1,decel_mps2=27.072,nan
participant_23,3,day,Town10HD,Harsh braking,,0.979,neutral,0.668,8.632,2026-02-19T14:58:28.342837,20101,378.19155435524317,75.050,27.374,0.004,21,-2,decel_mps2=4.181,0.419
participant_23,3,day,Town10HD,Harsh braking,,0.973,neutral,0.348,25.108,2026-02-19T15:05:16.189890,41656,786.0386070158175,43.514,47.027,0.002,9,1,decel_mps2=4.878,-8.769
participant_23,3,day,Town10HD,Solid line crossing,,0.995,sad,0.413,26.270,2026-02-19T15:07:58.423737,50211,948.2724540691601,42.394,47.490,0.002,9,1,SolidSolid,nan
participant_23,3,day,Town10HD,Solid line crossing,,0.905,neutral,0.477,34.488,2026-02-19T15:05:01.654072,40860,771.5027892188521,-23.391,70.138,0.002,12,1,SolidSolid,nan
participant_23,3,day,Town10HD,Stop sign violation,,0.999,neutral,0.882,20.112,2026-02-19T15:02:10.813325,31848,600.6620416713665,45.788,53.810,0.002,152,1,stop_sign_id=1062,-2.119
participant_23,3,day,Town10HD,Stop sign violation,,0.943,angry,0.399,19.068,2026-02-19T15:05:52.478430,43557,822.3271472997219,28.701,68.667,0.002,150,1,stop_sign_id=1067,nan
participant_23,3,day,Town10HD,Stop sign violation,,0.994,neutral,0.925,17.653,2026-02-19T15:05:46.673614,43231,816.5223308448361,26.726,68.700,0.003,150,1,stop_sign_id=1067,-5.226
participant_23,3,day,Town10HD,Harsh braking,,0.953,happy,0.637,41.892,2026-02-19T15:06:58.109465,47035,887.9581822028581,75.832,72.721,-0.001,11,1,decel_mps2=6.711,-3.088
participant_23,3,day,Town10HD,Harsh braking,,0.947,neutral,0.462,28.749,2026-02-19T15:02:56.604479,34196,646.45319555049,5.611,-66.330,0.004,10,-2,decel_mps2=4.578,5.182
participant_24,1,day,Town10HD,Stop sign violation,,0.994,neutral,0.910,17.670,2026-02-19T15:27:47.032669,29917,565.3593862371919,30.838,69.189,0.003,150,1,stop_sign_id=1067,-5.370
participant_24,1,day,Town10HD,Solid line crossing,,0.881,angry,0.368,33.189,2026-02-19T15:26:40.773637,26348,499.1003540919495,-31.189,69.077,0.002,900,-1,SolidSolid,nan
participant_24,1,day,Town10HD,Stop sign violation,,0.998,neutral,0.999,19.131,2026-02-19T15:20:16.638647,6167,114.96536353029967,27.177,71.033,0.002,150,1,stop_sign_id=1067,nan
participant_24,1,day,Town10HD,Stop sign violation,,1.002,neutral,0.430,27.590,2026-02-19T15:20:49.417763,7806,147.74447972733265,41.899,52.954,0.001,152,1,stop_sign_id=1062,-4.043
participant_24,1,day,Town10HD,Harsh braking,reach_back,0.891,happy,0.928,31.832,2026-02-19T15:22:49.835145,14151,268.1618624427863,-21.658,133.071,0.004,4,-2,decel_mps2=5.631,0.061
participant_24,1,day,Town10HD,Solid line crossing,,1.001,neutral,0.550,51.575,2026-02-19T15:23:51.487323,17493,329.8140401598244,-110.805,-46.811,0.002,6,2,Solid,-2.852
participant_24,1,day,Town10HD,Harsh braking,,1.004,neutral,0.724,13.840,2026-02-19T15:25:35.283957,23006,433.61067365004783,-73.310,31.116,0.002,19,-2,decel_mps2=4.112,-0.720
participant_24,1,day,Town10HD,Solid line crossing,,0.984,neutral,0.575,52.603,2026-02-19T15:23:56.730765,17802,335.05748164162924,106.905,-12.974,0.003,0,-1,SolidSolid,1.825
participant_24,1,day,Town10HD,Solid line crossing,,0.965,fear,0.843,53.640,2026-02-19T15:19:39.363644,4191,77.69036102130433,-75.032,-65.481,0.001,6,1,SolidSolid,-0.808
participant_24,1,day,Town10HD,Solid line crossing,,1.000,neutral,0.509,12.129,2026-02-19T15:19:39.800888,4090,78.12760470376926,41.938,53.593,0.001,152,1,SolidSolid,-3.389
participant_24,1,day,Town10HD,Harsh braking,,0.951,happy,0.677,41.643,2026-02-19T15:22:23.628013,12743,241.95473025318722,75.672,68.063,-0.001,11,1,decel_mps2=6.711,-3.499
participant_24,1,day,Town10HD,Vehicle-pedestrian collision,,1.006,neutral,1.002,29.304,2026-02-19T15:18:47.180952,1394,25.507668931389887,104.426,-0.788,0.001,566,-1,walker.pedestrian.0050,-1.559
participant_24,1,day,Town10HD,Harsh braking,,1.004,happy,0.685,45.983,2026-02-19T15:21:13.420383,9115,171.74710036625194,45.916,50.495,0.002,9,1,decel_mps2=7.171,1.282
participant_24,1,day,Town10HD,Stop sign violation,,0.903,neutral,0.972,21.101,2026-02-19T15:25:45.786136,23559,444.11285290624096,28.597,65.572,0.003,150,1,stop_sign_id=1067,-3.145
participant_24,1,day,Town10HD,Stop sign violation,,1.001,neutral,0.428,20.198,2026-02-19T15:26:21.094238,25360,479.42095481460495,40.273,56.173,0.002,152,1,stop_sign_id=1062,nan
participant_24,2,day,Town10HD,Harsh braking,,0.936,neutral,0.905,14.091,2026-02-19T15:51:46.555182,30023,569.023899178599,80.303,26.561,0.004,21,-1,decel_mps2=4.272,1.193
participant_24,2,day,Town10HD,Solid line crossing,reach_back,0.892,happy,0.959,10.085,2026-02-19T15:49:46.169970,23799,448.63868726006564,82.211,72.494,-0.001,11,1,Solid,26.466
participant_24,2,day,Town10HD,Vehicle-pedestrian collision,,0.953,happy,0.991,8.984,2026-02-19T15:53:25.498665,35329,667.9673822109148,107.631,0.775,0.003,566,-1,walker.pedestrian.0050,-10.811
participant_24,2,day,Town10HD,Harsh braking,,0.987,neutral,0.966,39.252,2026-02-19T15:53:20.648979,35073,663.1176957616681,103.444,14.252,0.003,566,-1,decel_mps2=6.482,-1.684
participant_24,2,day,Town10HD,Harsh braking,,0.895,neutral,0.948,14.938,2026-02-19T15:47:44.027055,17202,326.49577219689365,75.509,24.978,0.002,21,-1,decel_mps2=4.272,1.524
participant_24,2,day,Town10HD,Vehicle-pedestrian collision,,1.000,neutral,1.001,29.369,2026-02-19T15:52:05.449446,31074,587.9181631788506,109.360,-0.658,0.001,566,-1,walker.pedestrian.0050,-1.542
participant_24,2,day,Town10HD,Solid line crossing,,1.002,neutral,0.586,33.990,2026-02-19T15:47:34.521285,16818,316.9900016716959,73.016,-64.403,0.002,10,-1,Solid,-4.215
participant_24,2,day,Town10HD,Harsh braking,,0.975,neutral,0.831,13.550,2026-02-19T15:51:44.738929,30013,567.2076456974726,40.573,53.969,0.002,9,1,decel_mps2=4.190,nan
participant_24,2,day,Town10HD,Solid line crossing,,1.001,neutral,1.012,25.242,2026-02-19T15:48:34.827428,20015,377.2961448267354,46.801,49.392,0.002,9,-1,Solid,-0.883
participant_24,2,day,Town10HD,Solid line crossing,,0.999,neutral,0.972,49.883,2026-02-19T15:52:04.245686,30981,586.7144031408916,-6.601,65.766,0.002,12,1,SolidSolid,2.369
participant_24,3,day,Town10HD,Harsh braking,,0.939,neutral,0.917,13.646,2026-02-19T16:09:26.758122,11911,223.17783906522774,74.927,24.714,0.004,21,-1,decel_mps2=4.272,0.959
participant_24,3,day,Town10HD,Stop sign violation,,0.998,neutral,0.518,22.381,2026-02-19T16:07:47.500513,6512,123.92023032481023,23.470,67.933,-0.000,12,1,stop_sign_id=946,-2.222
participant_24,3,day,Town10HD,Harsh braking,,0.936,neutral,0.995,26.612,2026-02-19T16:10:16.654258,14425,273.07397512491656,-10.271,-65.446,0.004,7,2,decel_mps2=23.651,-0.926
participant_24,3,day,Town10HD,Vehicle-pedestrian collision,reach_back,0.882,neutral,0.918,34.376,2026-02-19T16:07:38.936886,6063,115.35660253830484,104.929,-13.129,0.003,0,-1,walker.pedestrian.0050,2.732
participant_24,3,day,Town10HD,Stop sign violation,,0.941,sad,0.390,20.890,2026-02-19T16:13:38.596487,25160,475.016203820623,30.263,69.097,0.003,150,1,stop_sign_id=1067,12.107
participant_24,3,day,Town10HD,Solid line crossing,,1.000,neutral,0.930,23.285,2026-02-19T16:06:18.386334,1884,34.80605087005251,-69.789,-63.597,0.001,6,1,SolidSolid,7.667
participant_24,3,day,Town10HD,Harsh braking,,0.998,neutral,0.852,14.552,2026-02-19T16:09:41.218736,12578,237.6384528268764,40.460,51.637,0.001,9,1,decel_mps2=4.190,-7.161
participant_24,3,day,Town10HD,Harsh braking,,1.000,neutral,0.968,46.171,2026-02-19T16:14:11.467880,26811,507.88759745427274,100.212,11.158,0.002,637,-1,decel_mps2=6.885,3.187
participant_24,3,day,Town10HD,Harsh braking,,0.972,neutral,0.813,12.595,2026-02-19T16:09:32.662620,12201,229.08233692819,37.747,50.714,0.002,9,1,decel_mps2=4.190,nan
participant_24,3,day,Town10HD,Solid line crossing,,0.992,neutral,0.532,54.222,2026-02-19T16:14:38.209685,28266,534.6294015963226,-108.337,-46.989,0.003,6,2,Solid,-3.316
participant_24,3,day,Town10HD,Solid line crossing,reach_back,0.959,neutral,0.540,56.598,2026-02-19T16:12:29.998859,21480,406.4185760004654,62.011,66.982,0.000,150,1,SolidSolid,-0.337
participant_24,3,day,Town10HD,Solid line crossing,,0.988,neutral,0.560,52.252,2026-02-19T16:12:32.582690,21613,409.0024071109999,111.566,-11.063,0.003,0,-1,SolidSolid,1.310
participant_24,3,day,Town10HD,Stop sign violation,,0.938,neutral,0.961,17.431,2026-02-19T16:14:32.271125,28070,528.6908416129901,25.364,64.690,0.004,150,1,stop_sign_id=1067,-2.303
participant_25,1,day,Town10HD,Harsh braking,,0.934,neutral,0.987,26.241,2026-02-19T16:40:29.539430,126562,2391.5831474338784,73.574,25.875,0.002,21,-1,decel_mps2=5.122,-2.061
participant_25,1,day,Town10HD,Harsh braking,,0.999,happy,0.844,23.947,2026-02-19T16:38:38.228193,120692,2280.2719101849248,18.517,27.425,0.002,20,-2,decel_mps2=4.894,-0.552
participant_25,1,day,Town10HD,Stop sign violation,,0.933,neutral,0.386,19.287,2026-02-19T16:35:48.357807,111697,2110.401523706675,25.862,69.295,0.000,150,1,stop_sign_id=1067,-7.814
participant_25,1,day,Town10HD,Stop sign violation,,0.943,angry,0.392,19.959,2026-02-19T16:33:56.413062,105766,1998.4567787958645,30.223,71.936,0.002,150,1,stop_sign_id=1067,nan
participant_25,1,day,Town10HD,Solid line crossing,,0.903,neutral,0.609,14.534,2026-02-19T16:38:05.288910,118987,2247.332627430336,-0.083,-70.290,0.002,17,-2,Solid,nan
participant_25,1,day,Town10HD,Harsh braking,,0.950,neutral,0.464,29.304,2026-02-19T16:40:44.035619,127327,2406.0793357967896,7.544,-65.877,0.004,10,-2,decel_mps2=4.578,5.390
participant_25,1,day,Town10HD,Red light violation,,0.898,neutral,0.703,43.547,2026-02-19T16:32:56.145409,102665,1938.1891264520264,-20.738,126.003,0.002,4,-2,traffic_light_id=45,nan
participant_25,1,day,Town10HD,Vehicle-pedestrian collision,reach_back,0.896,neutral,0.896,33.997,2026-02-19T16:40:08.450293,125415,2370.494009535607,106.180,-9.866,-0.001,0,-1,walker.pedestrian.0050,2.607
participant_25,1,day,Town10HD,Harsh braking,,0.942,neutral,0.843,11.388,2026-02-19T16:38:03.282733,118865,2245.3264500705127,-15.005,-67.746,0.002,7,2,decel_mps2=137.839,nan
participant_25,1,day,Town10HD,Stop sign violation,,0.965,neutral,0.805,13.876,2026-02-19T16:39:20.670805,122949,2322.7145218272904,32.318,72.387,0.001,150,1,stop_sign_id=1067,nan
participant_25,1,day,Town10HD,Harsh braking,,0.883,fear,0.686,13.414,2026-02-19T16:33:12.428908,103480,1954.4726254979478,78.733,27.708,0.002,21,-1,decel_mps2=3.926,1.454
participant_25,1,day,Town10HD,Harsh braking,,0.883,neutral,0.415,33.392,2026-02-19T16:36:06.502577,112703,2128.546294257689,-112.840,-11.111,0.002,6,1,decel_mps2=6.557,nan
participant_25,1,day,Town10HD,Stop sign violation,,0.906,neutral,0.690,16.416,2026-02-19T16:36:37.802091,114304,2159.845807558677,28.930,67.299,0.003,150,1,stop_sign_id=1067,-12.257
participant_25,1,day,Town10HD,Solid line crossing,,0.999,angry,0.568,18.562,2026-02-19T16:36:36.721603,114198,2158.7653201522903,37.941,48.779,0.002,9,1,SolidSolid,-1.771
participant_25,2,day,Town10HD,Solid line crossing,reach_back,0.883,happy,0.974,9.456,2026-02-19T16:55:10.510278,14683,277.0599950835125,84.447,66.391,0.002,11,1,Solid,26.459
participant_25,2,day,Town10HD,Harsh braking,,0.975,sad,0.957,39.261,2026-02-19T16:54:53.723323,13761,260.27303964825467,-75.318,27.902,0.001,19,-2,decel_mps2=6.713,-0.401
participant_25,2,day,Town10HD,Stop sign violation,,0.993,neutral,0.944,27.582,2026-02-19T17:00:32.911414,31702,599.4611311213664,52.110,69.542,0.002,150,1,stop_sign_id=1067,-20.003
participant_25,2,day,Town10HD,Stop sign violation,,1.000,neutral,0.435,19.894,2026-02-19T17:01:06.329766,33546,632.8794833756396,41.330,57.252,0.001,152,1,stop_sign_id=1062,nan
participant_25,2,day,Town10HD,Stop sign violation,,0.976,neutral,0.397,17.606,2026-02-19T16:58:35.711856,25604,482.26157263840247,28.535,71.462,0.004,150,1,stop_sign_id=1067,-5.790
participant_25,3,day,Town10HD,Harsh braking,,1.004,neutral,0.971,44.888,2026-02-19T17:19:18.025313,8103,153.8970296877889,102.718,13.789,0.002,637,-1,decel_mps2=6.885,3.162
participant_25,3,day,Town10HD,Stop sign violation,,0.922,neutral,1.003,10.959,2026-02-19T17:21:22.201860,14722,278.0735771153189,29.802,74.677,0.001,150,1,stop_sign_id=1067,-1.975
participant_25,3,day,Town10HD,Solid line crossing,,0.898,neutral,0.928,29.977,2026-02-19T17:22:51.630096,19472,367.5018128782053,-6.806,62.806,-0.000,12,1,SolidSolid,-2.966
participant_25,3,day,Town10HD,Harsh braking,,1.002,neutral,0.974,45.681,2026-02-19T17:19:59.866569,10365,195.73828610657242,108.081,10.059,0.002,637,-1,decel_mps2=6.885,2.810
participant_25,3,day,Town10HD,Solid line crossing,,0.998,neutral,0.941,46.572,2026-02-19T17:21:36.676239,15454,292.5479557568863,-2.027,67.833,0.002,12,1,SolidSolid,2.707
participant_25,3,day,Town10HD,Stop sign violation,,0.981,neutral,0.543,21.644,2026-02-19T17:23:34.091995,21647,409.9637119539482,28.895,68.668,0.002,12,1,stop_sign_id=946,-3.203
participant_25,3,day,Town10HD,Harsh braking,,1.001,sad,0.429,25.885,2026-02-19T17:20:53.548474,13222,249.42019140421962,45.136,47.957,0.002,9,-1,decel_mps2=5.394,9.794
participant_25,3,day,Town10HD,Harsh braking,,0.882,fear,0.655,13.705,2026-02-19T17:26:31.884389,31053,587.7561064602273,77.355,25.197,0.003,21,-1,decel_mps2=3.926,1.158
participant_25,3,day,Town10HD,Solid line crossing,,0.949,sad,0.399,27.188,2026-02-19T17:26:08.829455,29871,564.7011720270541,36.621,49.566,0.003,9,1,SolidSolid,5.361
participant_25,3,day,Town10HD,Stop sign violation,,0.998,neutral,0.858,7.220,2026-02-19T17:24:18.006211,24009,453.8779282593123,26.792,74.288,-0.000,12,1,stop_sign_id=946,0.479
participant_25,3,day,Town10HD,Solid line crossing,,0.962,angry,0.514,17.231,2026-02-19T17:24:30.027133,24655,465.8988499736965,42.825,52.748,-0.000,9,1,SolidSolid,-0.802
participant_25,3,day,Town10HD,Harsh braking,reach_back,0.797,neutral,0.970,21.581,2026-02-19T17:22:03.231526,16897,319.1032425695309,77.719,73.849,0.003,11,1,decel_mps2=4.618,-1.797
participant_25,3,day,Town10HD,Solid line crossing,,0.948,happy,0.965,31.427,2026-02-19T17:20:02.531971,10555,198.40368846021784,40.706,49.046,0.000,9,1,SolidSolid,-1.307
participant_25,3,day,Town10HD,Harsh braking,,0.995,neutral,0.394,25.112,2026-02-19T17:23:11.199298,20558,387.07101524199936,61.812,26.543,0.003,21,-2,decel_mps2=4.621,-0.773
participant_25,3,day,Town10HD,Vehicle collision,,0.914,neutral,0.625,8.826,2026-02-19T17:18:58.372131,7137,134.24384770490767,64.012,21.982,0.002,21,-2,vehicle.ford.crown,0.869
