user_id,run_id,weather,map_name,start_x,start_y,start_z,end_x,end_y,end_z,arousal_start,arousal_end,hr_bpm_start,hr_bpm_end,model_pred_start,model_prob_start,model_pred_end,model_prob_end,emotion_label_start,emotion_prob_start,emotion_label_end,emotion_prob_end,timestamp_start,timestamp_end,frame_start,frame_end,sim_time_start,sim_time_end,details,distraction_duration_s,hr_bpm_avg,arousal_avg,error_type,distraction_index,errors_in_window,errors_per_minute_window
participant_01,1,day,Town10HD,71.14108276367188,24.754562377929688,0.0021572874393314,77.09646606445312,24.862585067749023,0.0020981596317142,0.457,0.453,67,68,None,1.0,reach_back,1.0,neutral,0.687,neutral,0.751,2026-02-10 16:08:12.826753,2026-02-10 16:08:14.585441,2927,2950,73.6411505676806,74.44615057110786,window_2,1.758688,67.5,0.455,distraction_window,0,0,0.0
participant_01,1,day,Town10HD,82.09074401855469,25.060678482055664,0.0017201995942741,82.09074401855469,25.060678482055664,0.0017191695515066,0.464,0.536,68,72,None,1.0,reach_back,0.977,happy,0.808,angry,0.944,2026-02-10 16:08:20.031522,2026-02-10 16:08:22.418348,3030,3063,77.2461505830288,78.40115058794618,window_1,2.386826,70.0,0.5,distraction_window,1,0,0.0
participant_01,1,day,Town10HD,108.14055633544922,-29.947301864624023,0.0018619918264448,104.02629852294922,-42.73275375366211,0.0018718338105827,0.654,0.65,72,69,None,1.0,reach_back,1.0,happy,0.688,sad,0.959,2026-02-10 16:08:40.461400,2026-02-10 16:08:42.342346,3317,3345,87.29115062579513,88.27115062996745,window_2,1.880946,70.5,0.652,distraction_window,2,0,0.0
participant_01,1,day,Town10HD,76.83482360839844,-64.09988403320312,0.0019798660650849,59.530029296875,-66.64509582519531,0.0019499206682667,0.685,0.721,67,66,None,1.0,reach_back,0.874,neutral,0.862,fear,0.94,2026-02-10 16:08:47.741972,2026-02-10 16:08:50.491287,3419,3455,90.86115064099432,92.12115064635871,window_1,2.749315,66.5,0.7030000000000001,distraction_window,3,0,0.0
participant_01,1,day,Town10HD,-70.3420181274414,-68.33916473388672,0.0020026015117764,-85.60504913330078,-65.87804412841797,0.0018002318684011,0.852,0.854,66,66,None,1.0,reach_back,0.942,neutral,0.955,sad,0.997,2026-02-10 16:09:09.540408,2026-02-10 16:09:11.562689,3723,3755,101.50115068629384,102.6211506910622,window_2,2.022281,66.0,0.853,distraction_window,4,0,0.0
participant_01,1,day,Town10HD,-109.77645111083984,-24.03755569458008,0.0019301986321806,-109.85675811767578,-21.92721366882324,0.0020218656864017,0.765,0.747,66,67,None,1.0,reach_back,1.0,sad,0.571,sad,0.569,2026-02-10 16:09:21.520096,2026-02-10 16:09:23.975379,3891,3922,107.3811507113278,108.46615071594717,window_1,2.455283,66.5,0.756,distraction_window,5,0,0.0
participant_01,1,day,Town10HD,-111.91263580322266,2.7669308185577397,0.0016223907005041,-113.6095199584961,13.835407257080078,0.0017533873906359,0.796,0.835,67,66,None,1.0,reach_back,1.0,neutral,0.707,fear,0.772,2026-02-10 16:09:38.561655,2026-02-10 16:09:40.462553,4117,4143,115.29115074500442,116.20115074887872,window_2,1.900898,66.5,0.8155,distraction_window,6,0,0.0
participant_01,1,day,Town10HD,-102.27249145507812,117.37840270996094,0.0018023680895566,-89.18260192871094,130.64981079101562,0.0018965149065479,0.647,0.641,66,64,None,1.0,reach_back,0.829,neutral,0.831,surprise,0.851,2026-02-10 16:09:56.002515,2026-02-10 16:09:58.797629,4362,4401,123.86615078151226,125.23115078732371,window_1,2.795114,65.0,0.644,distraction_window,7,0,0.0
participant_01,1,day,Town10HD,-32.16805648803711,140.152587890625,0.0018722915556281,-18.03097915649414,140.04820251464844,0.0018856048118323,0.403,0.368,66,69,None,1.0,None,1.0,sad,0.473,fear,0.552,2026-02-10 16:10:07.682717,2026-02-10 16:10:09.725813,4523,4551,129.50115080550313,130.48115080967546,window_2,2.043096,67.5,0.3855,distraction_window,8,0,0.0
participant_01,1,day,Town10HD,95.93763732910156,124.66773986816406,0.001931152306497,104.1814422607422,106.92007446289062,0.0019814681727439,0.406,0.432,67,66,None,1.0,reach_back,0.944,neutral,0.791,neutral,0.928,2026-02-10 16:10:26.591049,2026-02-10 16:10:29.628312,4796,4837,139.0561508461833,140.49115085229278,window_1,3.037263,66.5,0.41900000000000004,distraction_window,9,0,0.0
participant_01,1,day,Town10HD,107.0056610107422,72.44782257080078,0.0017551803030073,107.00926208496094,71.52448272705078,0.0017419814830645,0.372,0.382,72,67,None,1.0,reach_back,1.0,neutral,0.971,sad,0.877,2026-02-10 16:10:42.321675,2026-02-10 16:10:44.319357,5020,5051,146.8961508795619,147.98115088418126,window_2,1.997682,69.5,0.377,distraction_window,10,0,0.0
participant_01,1,day,Town10HD,105.49636840820312,52.57113265991211,0.0017198181012645,105.13924407958984,49.63731384277344,0.0015637206379324,0.529,0.56,63,63,None,1.0,reach_back,0.97,neutral,0.692,angry,0.934,2026-02-10 16:11:01.627848,2026-02-10 16:11:04.007590,5307,5344,156.94115092232823,158.23615092784166,window_1,2.379742,63.0,0.5445,distraction_window,11,0,0.0
participant_01,1,day,Town10HD,96.26329040527344,29.7142333984375,0.0032391739077866,93.10445404052734,28.47659683227539,0.0018152236007153,0.553,0.545,65,67,None,1.0,reach_back,0.903,happy,0.626,sad,0.493,2026-02-10 16:11:12.103836,2026-02-10 16:11:13.714903,5462,5485,162.36615094542503,163.1711509488523,window_2,1.611067,66.0,0.549,distraction_window,12,0,0.0
participant_01,1,day,Town10HD,-13.055825233459473,69.50875091552734,0.0018185043008998,-28.25238800048828,69.92350769042969,0.0019880675245076,0.534,0.54,70,69,None,1.0,reach_back,1.0,happy,0.852,fear,0.997,2026-02-10 16:11:38.598031,2026-02-10 16:11:40.767880,5835,5867,175.42115100100636,176.54115100577474,window_1,2.169849,69.5,0.537,distraction_window,13,0,0.0
participant_01,1,day,Town10HD,-42.91701126098633,95.42168426513672,0.0018600462935864,-42.85920333862305,103.77567291259766,0.0019169616280123,0.565,0.571,67,67,None,1.0,reach_back,1.0,neutral,0.972,sad,1.0,2026-02-10 16:11:45.871752,2026-02-10 16:11:47.128762,5943,5964,179.20115101709962,179.93615102022886,window_2,1.25701,67.0,0.568,distraction_window,14,0,0.0
participant_01,1,day,Town10HD,74.92955780029297,137.41600036621094,0.0018338393419981,89.40245819091797,129.53872680664062,0.0019517516484484,0.524,0.58,63,63,None,1.0,reach_back,1.0,happy,0.803,angry,1.0,2026-02-10 16:12:06.752575,2026-02-10 16:12:08.964777,6270,6305,190.6461510658264,191.87115107104185,window_1,2.212202,63.0,0.552,distraction_window,15,0,0.0
participant_01,1,day,Town10HD,106.17034149169922,70.52339935302734,0.0019922256469726,105.9455337524414,61.88943099975586,0.0020373915322124,0.706,0.713,65,66,None,1.0,None,1.0,neutral,0.81,sad,0.824,2026-02-10 16:12:18.175431,2026-02-10 16:12:19.702814,6440,6462,196.5961510911584,197.36615109443665,window_2,1.527383,65.5,0.7095,distraction_window,16,0,0.0
participant_01,1,day,Town10HD,106.96717834472656,-24.2738037109375,0.0017185973701998,102.70500946044922,-40.7896728515625,0.0018799209501594,0.734,0.768,68,66,None,1.0,reach_back,1.0,happy,0.652,neutral,0.991,2026-02-10 16:12:41.271515,2026-02-10 16:12:43.438867,6814,6850,209.68615114688876,210.94615115225315,window_1,2.167352,67.0,0.751,distraction_window,17,0,0.0
participant_01,1,day,Town10HD,77.42084503173828,-64.56346893310547,0.0019235229119658,66.18588256835938,-66.80193328857422,0.0018168640090152,0.835,0.867,66,66,None,1.0,reach_back,1.0,happy,0.777,sad,1.0,2026-02-10 16:12:48.493876,2026-02-10 16:12:50.275842,6930,6958,213.74615116417408,214.7261511683464,window_2,1.781966,66.0,0.851,distraction_window,18,0,0.0
participant_01,1,day,Town10HD,45.49753952026367,45.30680084228516,0.0022013855632394,45.5356330871582,44.13829040527344,0.0019583129324018,0.617,0.619,68,69,None,1.0,reach_back,0.894,neutral,0.782,neutral,0.985,2026-02-10 16:18:59.501145,2026-02-10 16:19:01.091446,22808,22827,529.4673983715475,530.1323983743787,window_2,1.590301,68.5,0.618,distraction_window,19,0,0.0
participant_01,1,day,Town10HD,45.5141487121582,43.91026306152344,0.0014560318086296,45.35037612915039,40.2867317199707,0.0018310927553102,0.6,0.602,66,65,None,1.0,reach_back,0.92,neutral,0.958,fear,0.993,2026-02-10 16:19:06.198831,2026-02-10 16:19:08.303893,22895,22922,532.5123983845115,533.4573983885348,window_1,2.105062,65.5,0.601,distraction_window,20,0,0.0
participant_01,1,day,Town10HD,60.33955764770508,26.27016830444336,0.001723289489746,60.419193267822266,26.25620460510254,0.0017221831949427,0.635,0.645,64,62,None,1.0,reach_back,0.98,happy,0.621,sad,0.753,2026-02-10 16:19:26.967024,2026-02-10 16:19:28.641967,23173,23195,542.2423984259367,543.012398429215,window_2,1.674943,63.0,0.64,distraction_window,21,0,0.0
participant_01,1,day,Town10HD,68.45773315429688,25.317794799804688,0.0015476607950404,75.97151947021484,24.94144058227539,0.0021156691946089,0.684,0.71,62,62,None,1.0,reach_back,0.971,neutral,0.681,neutral,0.626,2026-02-10 16:19:34.140884,2026-02-10 16:19:36.325271,23267,23296,545.5323984399438,546.5473984442651,window_1,2.184387,62.0,0.6970000000000001,distraction_window,22,0,0.0
participant_01,1,day,Town10HD,106.36848449707033,-37.48365783691406,0.0017861938104033,101.08757781982422,-48.16672897338867,0.0024172209668904,0.711,0.709,66,66,None,1.0,reach_back,1.0,neutral,0.88,sad,1.0,2026-02-10 16:19:55.850951,2026-02-10 16:19:57.734507,23564,23589,555.9273984842002,556.8023984879255,window_2,1.883556,66.0,0.71,distraction_window,23,0,0.0
participant_01,1,day,Town10HD,44.65239715576172,-66.19062042236328,0.0017037200741469,29.17995834350586,-65.94384765625,0.0018860625568777,0.639,0.594,64,63,None,1.0,reach_back,0.964,sad,0.564,angry,0.916,2026-02-10 16:20:07.356919,2026-02-10 16:20:09.607938,23719,23751,561.352398507297,562.4723985120654,window_1,2.251019,63.5,0.6165,distraction_window,24,0,0.0
participant_01,1,day,Town10HD,-75.84741973876953,-66.73635864257812,0.0019014357822015,-88.11129760742188,-62.63296890258789,0.0019189834129065,0.48,0.464,67,66,None,1.0,reach_back,1.0,happy,0.734,sad,0.999,2026-02-10 16:20:24.740185,2026-02-10 16:20:26.549960,23967,23994,570.0323985442519,570.9773985482752,window_2,1.809775,66.5,0.472,distraction_window,25,0,0.0
participant_01,1,day,Town10HD,-109.00211334228516,13.056951522827148,0.0016865539364516,-102.71492767333984,21.82081794738769,0.0018677520565688,0.573,0.592,65,64,None,1.0,None,1.0,happy,0.849,angry,0.871,2026-02-10 16:20:41.627893,2026-02-10 16:20:43.455276,24198,24221,578.1173985786736,578.9223985821009,window_1,1.827383,64.5,0.5825,distraction_window,26,0,0.0
participant_01,1,day,Town10HD,-77.73880767822266,27.364511489868164,0.0017267608782276,-77.56906127929688,27.420289993286133,0.0016617584042251,0.652,0.656,65,66,None,1.0,reach_back,1.0,neutral,0.758,sad,1.0,2026-02-10 16:20:53.762313,2026-02-10 16:20:55.405204,24346,24366,583.2973986007273,583.9973986037076,window_2,1.642891,65.5,0.654,distraction_window,27,0,0.0
participant_01,1,day,Town10HD,-64.2352066040039,29.295061111450195,0.0012910079676657,-58.45431137084961,28.74632835388184,0.0016554641770198,0.806,0.821,68,67,None,1.0,reach_back,0.98,happy,0.629,sad,0.775,2026-02-10 16:21:11.249340,2026-02-10 16:21:13.639371,24570,24600,591.1373986341059,592.1873986385763,window_1,2.390031,67.5,0.8135,distraction_window,28,0,0.0
participant_01,1,day,Town10HD,25.827411651611328,27.71036148071289,0.0019347763154655,34.13212203979492,30.92105484008789,0.0020177459809929,0.938,0.933,68,66,None,1.0,reach_back,1.0,neutral,0.982,fear,0.77,2026-02-10 16:21:28.012143,2026-02-10 16:21:29.604341,24794,24815,598.9773986674845,599.7123986706138,window_2,1.592198,67.0,0.9355,distraction_window,29,0,0.0
participant_01,1,day,Town10HD,41.31538009643555,53.37767791748047,0.0017200087895616,41.52558517456055,55.09602355957031,0.0014032744802534,0.701,0.677,70,70,None,1.0,reach_back,0.935,happy,0.775,sad,0.618,2026-02-10 16:21:45.632008,2026-02-10 16:21:47.589678,25038,25066,607.5173987038434,608.4973987080157,window_1,1.95767,70.0,0.6890000000000001,distraction_window,30,1,30.648679297327945
participant_01,1,day,Town10HD,87.38574981689453,71.66240692138672,0.001976280240342,95.88809967041016,76.53941345214844,0.0019788742065429,0.612,0.612,69,69,None,1.0,reach_back,1.0,neutral,0.718,fear,0.346,2026-02-10 16:21:57.389864,2026-02-10 16:21:59.116178,25204,25230,613.3273987285793,614.2373987324536,window_2,1.726314,69.0,0.612,distraction_window,31,0,0.0
participant_01,1,day,Town10HD,-14.804941177368164,132.0790252685547,0.0019141768570989,-29.367589950561523,131.29885864257812,0.0018764877459034,0.741,0.759,64,64,None,1.0,reach_back,1.0,neutral,0.708,fear,0.978,2026-02-10 16:22:22.183038,2026-02-10 16:22:24.334531,25559,25590,625.7523987814784,626.8373987860978,window_1,2.151493,64.0,0.75,distraction_window,32,0,0.0
participant_01,1,day,Town10HD,-42.009422302246094,103.39727020263672,0.0019218444358557,-42.69731521606445,92.84255981445312,0.0019289398333057,0.8,0.808,65,66,None,1.0,None,1.0,happy,0.766,fear,0.982,2026-02-10 16:22:29.716286,2026-02-10 16:22:31.344705,25663,25685,629.3923987969756,630.1623988002539,window_2,1.628419,65.5,0.804,distraction_window,33,0,0.0
participant_01,1,day,Town10HD,42.31719970703125,60.76064682006836,0.0017478942172601,44.63382339477539,50.71076583862305,0.0020830535795539,1.0,0.975,68,64,None,1.0,reach_back,0.993,happy,0.844,sad,0.691,2026-02-10 16:22:50.318174,2026-02-10 16:22:52.602767,25942,25974,639.1573988385499,640.2773988433182,window_1,2.284593,66.0,0.9875,distraction_window,34,0,0.0
participant_01,1,day,Town10HD,46.47395706176758,37.56428909301758,0.001719017047435,46.47410202026367,37.56427001953125,0.0017190932994708,0.765,0.767,66,67,None,1.0,reach_back,1.0,happy,0.829,sad,0.936,2026-02-10 16:23:02.391767,2026-02-10 16:23:04.199107,26112,26139,645.1073988638818,646.0523988679051,window_2,1.80734,66.5,0.766,distraction_window,35,0,0.0
participant_01,1,day,Town10HD,47.32013702392578,34.7322998046875,0.0017195892287418,47.32013702392578,34.7322998046875,0.0017195892287418,0.775,0.778,64,64,None,1.0,reach_back,0.949,neutral,0.958,fear,0.382,2026-02-10 16:23:24.906041,2026-02-10 16:23:27.099634,26442,26474,656.6573989130557,657.777398917824,window_1,2.193593,64.0,0.7765,distraction_window,36,0,0.0
participant_01,1,day,Town10HD,52.06928253173828,31.582809448242188,0.0019012069096788,59.88084030151367,31.4090576171875,0.0017132950015366,0.754,0.734,64,63,None,1.0,reach_back,1.0,neutral,0.751,neutral,0.614,2026-02-10 16:23:32.497763,2026-02-10 16:23:36.041675,26550,26602,660.4373989291489,662.2573989368975,window_2,3.543912,63.5,0.744,distraction_window,37,0,0.0
participant_01,1,day,Town10HD,109.60808563232422,-0.6639718413352966,0.0017826842376962,108.88844299316406,-18.049972534179688,0.0018379592802375,0.735,0.747,64,64,None,1.0,reach_back,0.918,neutral,0.7,fear,0.774,2026-02-10 16:23:52.892771,2026-02-10 16:23:55.249881,26845,26881,670.7623989731073,672.0223989784718,window_1,2.35711,64.0,0.741,distraction_window,38,0,0.0
participant_01,1,day,Town10HD,34.37498092651367,-66.0768814086914,0.0019340895814821,23.274320602416992,-66.30239868164062,0.0019577406346797,0.799,0.81,69,71,None,1.0,reach_back,1.0,neutral,0.907,sad,0.999,2026-02-10 16:24:09.345652,2026-02-10 16:24:10.927109,27091,27114,679.3723990097642,680.1773990131915,window_2,1.581457,70.0,0.8045,distraction_window,39,0,0.0
participant_01,1,day,Town10HD,-99.96051788330078,-53.47568893432617,0.0018944167532026,-107.15215301513672,-39.51371765136719,0.0020635605324059,0.634,0.612,68,65,None,1.0,reach_back,0.943,neutral,0.694,fear,0.96,2026-02-10 16:24:29.121557,2026-02-10 16:24:31.389761,27396,27430,690.0473990552127,691.2373990602791,window_1,2.268204,66.5,0.623,distraction_window,40,0,0.0
participant_01,1,day,Town10HD,-101.30783081054688,22.7890739440918,0.0018562315963208,-91.30006408691406,25.96855735778809,0.0018645857926458,0.572,0.566,64,64,sing,0.838,reach_back,1.0,sad,0.502,sad,0.535,2026-02-10 16:24:41.704634,2026-02-10 16:24:43.465297,27582,27605,696.5573990829289,697.3623990863562,window_2,1.760663,64.0,0.569,distraction_window,41,0,0.0
participant_01,1,day,Town10HD,-17.009334564208984,28.612314224243164,0.0020894240587949,-5.011157989501953,28.182241439819336,0.0017764281947165,0.528,0.578,65,65,None,1.0,reach_back,0.982,sad,0.626,sad,0.682,2026-02-10 16:24:57.090673,2026-02-10 16:25:00.632132,27789,27839,703.8023991137743,705.5523991212249,window_1,3.541459,65.0,0.5529999999999999,distraction_window,42,0,0.0
participant_01,1,day,Town10HD,23.132177352905277,30.68131828308105,0.0016501998761668,32.65040588378906,31.45847511291504,0.0022169493604451,0.532,0.519,68,70,None,1.0,None,1.0,sad,0.729,neutral,0.978,2026-02-10 16:25:10.756705,2026-02-10 16:25:12.531641,27982,28006,710.5573991425335,711.3973991461098,window_2,1.774936,69.0,0.5255000000000001,distraction_window,43,0,0.0
participant_01,1,day,Town10HD,81.07777404785156,70.07964324951172,0.0019035720033571,81.5362548828125,70.08161926269531,0.0017213439568877,0.725,0.758,64,63,None,1.0,reach_back,0.984,happy,0.656,sad,0.884,2026-02-10 16:25:35.495456,2026-02-10 16:25:38.033722,28343,28383,723.1923991963267,724.5923992022872,window_1,2.538266,63.5,0.7415,distraction_window,44,0,0.0
participant_01,1,day,Town10HD,99.94890594482422,88.32637786865234,0.0016673278296366,98.09331512451172,100.65270233154295,0.0018010329222306,0.789,0.827,65,65,None,1.0,reach_back,1.0,happy,0.972,sad,0.989,2026-02-10 16:25:46.200462,2026-02-10 16:25:47.868456,28513,28539,729.1423992216587,730.052399225533,window_2,1.667994,65.0,0.808,distraction_window,45,0,0.0
participant_01,1,day,Town10HD,-15.84901237487793,130.96617126464844,0.0017797087784856,-32.61103820800781,129.40603637695312,0.0020890044979751,1.0,1.0,65,65,None,1.0,reach_back,0.933,neutral,0.803,sad,0.913,2026-02-10 16:26:05.825104,2026-02-10 16:26:08.152218,28814,28852,739.6773992665112,741.0073992721736,window_1,2.327114,65.0,1.0,distraction_window,46,1,25.78300848175036
participant_01,1,day,Town10HD,-31.31760025024414,69.63951873779297,0.001907501136884,-20.81186294555664,69.15387725830078,0.0018954848637804,0.783,0.713,71,71,None,1.0,reach_back,1.0,neutral,0.82,sad,0.958,2026-02-10 16:26:21.236877,2026-02-10 16:26:23.031968,29034,29060,747.3773992992938,748.2873993031681,window_2,1.795091,71.0,0.748,distraction_window,47,0,0.0
participant_01,1,day,Town10HD,54.11320495605469,28.024885177612305,0.0018259048229083,54.11333847045898,28.02486801147461,0.0017200087895616,0.189,0.189,60,60,None,1.0,reach_back,0.975,neutral,0.931,fear,0.716,2026-02-10 16:31:37.682371,2026-02-10 16:31:39.923765,10613,10643,75.54437890276313,76.59437890723348,window_2,2.241394,60.0,0.189,distraction_window,48,0,0.0
participant_01,1,day,Town10HD,54.11333847045898,28.02486801147461,0.0017200087895616,54.11333847045898,28.02486801147461,0.0017200087895616,0.18,0.176,61,62,None,1.0,reach_back,0.982,neutral,0.961,neutral,0.475,2026-02-10 16:31:45.395641,2026-02-10 16:31:47.689704,10720,10751,79.28937891870737,80.37437892332673,window_1,2.294063,61.5,0.178,distraction_window,49,0,0.0
participant_01,1,day,Town10HD,69.35997009277344,26.182775497436523,0.0017195892287418,69.35997009277344,26.182775497436523,0.0017195892287418,0.192,0.183,61,60,None,1.0,reach_back,1.0,happy,0.726,sad,1.0,2026-02-10 16:32:05.803380,2026-02-10 16:32:07.582036,10989,11013,88.7043789587915,89.54437896236777,window_2,1.778656,60.5,0.1875,distraction_window,50,0,0.0
participant_01,1,day,Town10HD,69.36136627197266,26.180992126464844,-0.0295307543128728,69.35958099365234,26.181514739990234,0.0016776275588199,0.166,0.169,61,61,None,1.0,reach_back,0.931,neutral,0.844,fear,0.944,2026-02-10 16:32:13.020858,2026-02-10 16:32:15.197895,11083,11111,91.9943789727986,92.97437897697093,window_1,2.177037,61.0,0.1675,distraction_window,51,0,0.0
participant_01,1,day,Town10HD,75.39534759521484,27.99393653869629,0.0015802764100953,78.10246276855469,27.97465705871582,0.0017998503753915,0.072,0.072,63,62,None,1.0,reach_back,1.0,neutral,0.975,fear,0.402,2026-02-10 16:32:34.780144,2026-02-10 16:32:36.683300,11368,11393,101.9693790152669,102.8443790189922,window_2,1.903156,62.5,0.072,distraction_window,52,0,0.0
participant_01,1,day,Town10HD,107.35031127929688,11.08068561553955,0.0018584060017019,108.96698760986328,4.231495380401611,0.0021410749759525,0.035,0.019,63,63,None,1.0,None,1.0,neutral,0.857,happy,0.524,2026-02-10 16:32:46.238026,2026-02-10 16:32:47.854564,11518,11540,107.21937903761864,107.98937904089688,window_1,1.616538,63.0,0.027000000000000003,distraction_window,53,0,0.0
participant_01,1,day,Town10HD,75.3579330444336,-65.15614318847656,0.001815109164454,64.23473358154297,-66.36177825927734,0.0018627166282385,0.0,0.0,72,68,sing,0.904,reach_back,0.908,neutral,0.747,sad,0.993,2026-02-10 16:33:03.682872,2026-02-10 16:33:05.488316,11763,11786,115.79437907412648,116.59937907755376,window_2,1.805444,70.0,0.0,distraction_window,54,0,0.0
participant_01,1,day,Town10HD,-27.317827224731445,-67.36563873291016,0.0023014068137854,-35.33320617675781,-67.6268310546875,0.0019013213459402,0.0,0.043,65,66,None,1.0,reach_back,0.992,neutral,0.908,sad,0.656,2026-02-10 16:33:19.887082,2026-02-10 16:33:22.496112,11979,12015,123.354379106313,124.6143791116774,window_1,2.60903,65.5,0.0215,distraction_window,55,0,0.0
participant_01,1,day,Town10HD,-90.29884338378906,-60.821067810058594,0.0019324874738231,-98.34137725830078,-54.666316986083984,0.0019423293415457,0.0,0.0,72,72,None,1.0,reach_back,1.0,neutral,0.811,fear,0.951,2026-02-10 16:33:32.703002,2026-02-10 16:33:34.204479,12164,12185,129.82937913388014,130.56437913700938,window_2,1.501477,72.0,0.0,distraction_window,56,0,0.0
participant_01,1,day,Town10HD,-98.27737426757812,23.54232406616211,0.0020987701136618,-97.1441879272461,23.87234115600586,0.0016065215459093,0.0,0.0,65,64,None,1.0,reach_back,0.966,neutral,0.955,angry,0.572,2026-02-10 16:33:50.284634,2026-02-10 16:33:52.467408,12398,12425,138.01937916874886,138.96437917277217,window_1,2.182774,64.5,0.0,distraction_window,57,0,0.0
participant_01,1,day,Town10HD,-32.27777099609375,27.193885803222656,0.001864013611339,-20.21588897705078,27.35758781433105,0.001891937223263,0.113,0.102,69,66,None,1.0,reach_back,1.0,neutral,0.921,sad,1.0,2026-02-10 16:34:06.809814,2026-02-10 16:34:08.675589,12599,12624,145.0543791987002,145.92937920242548,window_2,1.865775,67.5,0.1075,distraction_window,58,0,0.0
participant_01,1,day,Town10HD,41.19043350219727,49.52061080932617,0.0021728132851421,41.18933868408203,50.04191207885742,0.0017295074649155,0.083,0.094,62,63,None,1.0,reach_back,0.956,happy,0.766,sad,0.785,2026-02-10 16:34:24.461249,2026-02-10 16:34:26.770217,12828,12860,153.06937923282385,154.18937923759222,window_1,2.308968,62.5,0.0885,distraction_window,59,0,0.0
participant_01,1,day,Town10HD,41.601409912109375,61.74967193603516,0.0015169905964285,45.77041244506836,68.48817443847656,0.0017005538102239,0.118,0.123,67,68,None,1.0,reach_back,1.0,sad,0.465,sad,0.916,2026-02-10 16:34:36.481048,2026-02-10 16:34:37.984802,12985,13005,158.56437925621867,159.2643792591989,window_2,1.503754,67.5,0.1205,distraction_window,60,0,0.0
participant_01,1,day,Town10HD,100.51004791259766,84.93224334716797,0.0018140410538762,99.9686279296875,99.32482147216795,0.0018777847290039,0.172,0.174,64,66,None,1.0,reach_back,0.964,happy,0.812,fear,0.915,2026-02-10 16:35:01.349090,2026-02-10 16:35:03.370035,13340,13370,170.9893793091178,172.03937931358814,window_1,2.020945,65.0,0.173,distraction_window,61,0,0.0
participant_01,1,day,Town10HD,80.47807312011719,126.78272247314452,0.0019410323584452,69.95689392089844,130.1913604736328,0.0019402693724259,0.169,0.171,64,64,None,1.0,reach_back,1.0,neutral,0.945,fear,0.959,2026-02-10 16:35:08.606918,2026-02-10 16:35:10.295895,13444,13467,174.629379324615,175.43437932804227,window_2,1.688977,64.0,0.17,distraction_window,62,0,0.0
participant_01,1,day,Town10HD,-41.67967224121094,116.77755737304688,0.001827964792028,-43.1209602355957,106.20819854736328,0.0019846723880618,0.279,0.329,65,65,None,1.0,reach_back,0.996,neutral,0.886,sad,0.989,2026-02-10 16:35:29.358314,2026-02-10 16:35:31.640149,13722,13751,184.35937936604023,185.3743793703616,window_1,2.281835,65.0,0.30400000000000005,distraction_window,63,0,0.0
participant_01,1,day,Town10HD,-20.48271942138672,69.6547622680664,0.0018919754074886,-8.949475288391113,69.90278625488281,0.0019739912822842,0.339,0.334,68,70,None,1.0,None,1.0,sad,0.496,neutral,0.961,2026-02-10 16:35:41.346396,2026-02-10 16:35:43.071993,13877,13901,189.78437938913703,190.6243793927133,window_2,1.725597,69.0,0.3365,distraction_window,64,0,0.0
participant_01,1,day,Town10HD,41.5967903137207,62.025238037109375,0.0021209716796875,43.22187423706055,56.704402923583984,0.0017583083827048,0.423,0.459,64,64,None,1.0,reach_back,0.962,neutral,0.92,surprise,0.853,2026-02-10 16:36:03.948121,2026-02-10 16:36:06.362056,14179,14212,200.3543794341385,201.50937943905592,window_1,2.413935,64.0,0.441,distraction_window,65,0,0.0
participant_01,1,day,Town10HD,45.46104431152344,36.60053634643555,0.0016857528826221,55.75764083862305,27.995832443237305,0.0021170806139707,0.518,0.516,64,66,None,1.0,reach_back,1.0,sad,0.509,sad,0.976,2026-02-10 16:36:11.371875,2026-02-10 16:36:13.628111,14283,14316,203.99437944963572,205.14937945455316,window_2,2.256236,65.0,0.517,distraction_window,66,0,0.0
participant_01,1,day,Town10HD,93.52049255371094,28.30221366882324,0.0015887069748714,104.16815948486328,20.722551345825195,0.0020380020141601,0.412,0.426,70,70,None,1.0,reach_back,1.0,sad,0.662,fear,0.832,2026-02-10 16:36:32.168503,2026-02-10 16:36:34.091853,14579,14607,214.3543794937432,215.3343794979155,window_1,1.92335,70.0,0.419,distraction_window,67,0,0.0
participant_01,1,day,Town10HD,91.34528350830078,-58.112083435058594,0.0019224166171625,80.6722183227539,-63.59458541870117,0.0019265365554019,0.486,0.496,69,68,None,1.0,reach_back,1.0,sad,0.752,sad,1.0,2026-02-10 16:36:46.935081,2026-02-10 16:36:48.796069,14793,14818,221.84437952563167,222.71937952935696,window_2,1.860988,68.5,0.491,distraction_window,68,0,0.0
participant_01,1,day,Town10HD,-23.77478790283203,-67.984130859375,0.0018031310755759,-23.77488899230957,-67.98413848876953,0.0017190932994708,0.33,0.297,65,65,None,1.0,reach_back,0.964,happy,0.978,surprise,0.497,2026-02-10 16:37:07.958070,2026-02-10 16:37:10.187258,15091,15125,232.27437957003715,233.46437957510352,window_1,2.229188,65.0,0.3135,distraction_window,69,0,0.0
participant_01,1,day,Town10HD,-42.1357421875,-59.00108337402344,0.0018731688614934,-46.5142707824707,-52.20030975341797,0.0020808409899473,0.231,0.212,65,66,None,1.0,reach_back,0.991,neutral,0.94,sad,1.0,2026-02-10 16:37:19.583762,2026-02-10 16:37:21.690501,15261,15290,238.2243795953691,239.23937959969044,window_2,2.106739,65.5,0.2215,distraction_window,70,0,0.0
participant_01,1,day,Town10HD,-49.91150665283203,-3.845483541488648,0.0018073272658511,-50.10837936401367,0.3327867090702057,0.0016314696986228,0.078,0.086,67,66,None,1.0,reach_back,0.976,neutral,0.873,happy,0.887,2026-02-10 16:37:35.905041,2026-02-10 16:37:38.166724,15480,15512,245.88937962800264,247.00937963277104,window_1,2.261683,66.5,0.08199999999999999,distraction_window,71,1,26.528916740321254
participant_01,1,day,Town10HD,-19.09703826904297,27.961462020874023,0.0019126510014757,-7.73668622970581,27.46935272216797,0.0019416809082031,0.086,0.078,66,68,None,1.0,reach_back,1.0,happy,0.621,angry,0.738,2026-02-10 16:37:48.974694,2026-02-10 16:37:50.828550,15660,15686,252.18937965482476,253.09937965869904,window_2,1.853856,67.0,0.08199999999999999,distraction_window,72,0,0.0
participant_01,1,day,Town10HD,73.10271453857422,70.15592956542969,0.0021182249765843,79.17106628417969,69.97813415527344,0.0020546722225844,0.084,0.089,67,66,None,1.0,None,1.0,happy,0.866,fear,0.999,2026-02-10 16:38:13.025166,2026-02-10 16:38:14.724188,15993,16019,263.8443797044456,264.7543797083199,window_1,1.699022,66.5,0.0865,distraction_window,73,0,0.0
participant_01,1,day,Town10HD,96.51653289794922,75.79218292236328,0.0016489791451022,99.41848754882812,84.08914184570312,0.002012672368437,0.179,0.18,69,71,None,1.0,reach_back,1.0,sad,0.841,sad,0.999,2026-02-10 16:38:24.518345,2026-02-10 16:38:26.224407,16165,16191,269.8643797300756,270.7743797339499,window_2,1.706062,70.0,0.1795,distraction_window,74,0,0.0
participant_01,1,day,Town10HD,47.629032135009766,133.2419891357422,0.0016357803251594,34.18463897705078,134.96087646484375,0.0018316268688067,0.136,0.117,68,70,None,1.0,reach_back,0.978,neutral,0.906,happy,0.83,2026-02-10 16:38:42.516392,2026-02-10 16:38:44.619129,16430,16459,279.1393797695637,280.154379773885,window_1,2.102737,69.0,0.1265,distraction_window,75,1,28.534238946668086
participant_01,1,day,Town10HD,-38.02202606201172,126.31076049804688,0.001343612675555,-40.6371955871582,122.83795928955078,0.0016889572143554,0.087,0.092,68,67,None,1.0,reach_back,1.0,neutral,0.832,angry,0.559,2026-02-10 16:38:59.573780,2026-02-10 16:39:01.088191,16679,16700,287.8543798066676,288.5893798097968,window_2,1.514411,67.5,0.0895,distraction_window,76,0,0.0
participant_01,1,day,Town10HD,-23.074785232543945,69.22942352294922,0.0018965911585837,-13.693735122680664,69.4168701171875,0.0019715880043804,0.053,0.055,66,65,None,1.0,reach_back,0.959,happy,0.886,surprise,0.498,2026-02-10 16:39:13.328197,2026-02-10 16:39:15.394157,16870,16898,294.5393798351288,295.5193798393011,window_1,2.06596,65.5,0.054,distraction_window,77,0,0.0
participant_01,1,day,Town10HD,44.33793258666992,47.1162109375,0.0020031356252729,44.35686111450195,41.07878875732422,0.0018952178070321,0.109,0.116,67,66,None,1.0,reach_back,0.93,happy,0.713,sad,0.92,2026-02-10 16:39:32.809065,2026-02-10 16:39:34.388892,17153,17176,304.44437987729907,305.24937988072634,window_2,1.579827,66.5,0.1125,distraction_window,78,0,0.0
participant_01,1,day,Town10HD,79.23197937011719,25.153392791748047,0.0017192839877679,79.23197937011719,25.153392791748047,0.0017192839877679,0.25,0.253,66,66,None,1.0,reach_back,0.979,happy,0.766,fear,0.632,2026-02-10 16:39:49.780566,2026-02-10 16:39:51.733836,17420,17450,313.7893799170852,314.8393799215555,window_1,1.95327,66.0,0.2515,distraction_window,79,0,0.0
participant_01,1,day,Town10HD,79.33781433105469,25.147201538085938,0.0017148971091955,79.4424057006836,25.141984939575195,0.001721458393149,0.258,0.267,68,70,None,1.0,reach_back,1.0,neutral,0.882,neutral,0.582,2026-02-10 16:40:00.118858,2026-02-10 16:40:01.551139,17580,17604,319.38937994092703,320.2293799445033,window_2,1.432281,69.0,0.2625,distraction_window,80,0,0.0
participant_01,1,day,Town10HD,95.512939453125,-54.3515853881836,0.0018378448439761,83.23309326171875,-63.16877746582031,0.0019355010008439,0.405,0.408,68,66,None,1.0,reach_back,0.894,neutral,0.927,fear,0.548,2026-02-10 16:40:18.452798,2026-02-10 16:40:20.660686,17856,17888,329.04937998205423,330.1693799868226,window_1,2.207888,67.0,0.4065,distraction_window,81,0,0.0
participant_01,1,day,Town10HD,29.43815803527832,-67.05091857910156,0.0018152999691665,16.398897171020508,-66.88369750976562,0.0019166565034538,0.41,0.403,68,69,None,1.0,reach_back,1.0,happy,0.679,neutral,0.789,2026-02-10 16:40:29.015954,2026-02-10 16:40:30.745533,18007,18034,334.334380004555,335.2793800085783,window_2,1.729579,68.5,0.4065,distraction_window,82,0,0.0
participant_01,1,day,Town10HD,-37.21171951293945,-68.4906005859375,0.0016295241657644,-53.4554328918457,-69.05348205566406,0.0020111845806241,0.404,0.416,70,69,None,1.0,None,1.0,happy,0.675,angry,0.967,2026-02-10 16:40:49.473628,2026-02-10 16:40:52.218061,18338,18380,345.91938005387783,347.3893800601363,window_1,2.744433,69.5,0.41000000000000003,distraction_window,83,0,0.0
participant_01,1,day,Town10HD,-107.06583404541016,-41.62126541137695,0.0018346405122429,-109.67298889160156,-31.062435150146484,0.002169418381527,0.276,0.271,72,72,None,1.0,reach_back,1.0,happy,0.704,sad,0.998,2026-02-10 16:41:02.638369,2026-02-10 16:41:04.263408,18546,18570,353.19938008487225,354.0393800884485,window_2,1.625039,72.0,0.2735,distraction_window,84,0,0.0
participant_01,1,day,Town10HD,-110.5608367919922,-8.141006469726562,0.0017209243960678,-110.55137634277344,-7.640730381011963,0.0017294692806899,0.288,0.298,67,65,None,1.0,reach_back,0.956,happy,0.931,angry,0.993,2026-02-10 16:41:24.071681,2026-02-10 16:41:26.545320,18862,18898,364.2593801319599,365.51938013732433,window_1,2.473639,66.0,0.293,distraction_window,85,0,0.0
participant_01,1,day,Town10HD,-110.53958892822266,-5.740750789642334,0.0012680053478106,-110.60858154296876,-0.4315422773361206,0.0016540526412427,0.311,0.308,64,64,None,1.0,reach_back,0.954,happy,0.764,sad,0.509,2026-02-10 16:41:31.560978,2026-02-10 16:41:33.404452,18974,19000,368.1793801486492,369.0893801525235,window_2,1.843474,64.0,0.3095,distraction_window,86,0,0.0
participant_01,1,day,Town10HD,21.457937240600582,27.86921501159668,0.0016686629969626,35.31490707397461,31.312997817993164,0.0019710541237145,0.371,0.393,67,66,None,1.0,reach_back,0.935,neutral,0.982,surprise,0.937,2026-02-10 16:41:59.603047,2026-02-10 16:42:01.708853,19365,19396,381.8643802069128,382.9493802115321,window_1,2.105806,66.5,0.382,distraction_window,87,0,0.0
participant_01,1,day,Town10HD,41.00431060791016,49.37160873413086,0.0017953872447833,40.99785614013672,49.638221740722656,0.0016989135183393,0.329,0.313,67,68,None,1.0,reach_back,1.0,happy,0.915,sad,0.999,2026-02-10 16:42:07.189419,2026-02-10 16:42:08.765386,19478,19502,385.8193802237511,386.65938022732735,window_2,1.575967,67.5,0.321,distraction_window,88,0,0.0
participant_01,1,day,Town10HD,70.34375,130.35105895996094,0.0019520568894222,56.12914276123047,131.11207580566406,0.0020104597788304,0.194,0.209,68,66,None,1.0,reach_back,0.969,happy,0.918,fear,0.353,2026-02-10 16:42:35.849325,2026-02-10 16:42:37.923225,19928,19958,401.5693802908063,402.61938029527664,window_1,2.0739,67.0,0.2015,distraction_window,89,0,0.0
participant_01,1,day,Town10HD,23.216720581054688,131.77806091308594,0.001761665334925,10.657299995422363,131.6156005859375,0.0018749237060546,0.245,0.254,68,69,None,1.0,reach_back,1.0,happy,0.779,neutral,0.965,2026-02-10 16:42:43.048336,2026-02-10 16:42:44.833332,20036,20062,405.3493803068996,406.25938031077385,window_2,1.784996,68.5,0.2495,distraction_window,90,0,0.0
participant_01,1,day,Town10HD,-19.02628517150879,69.56132507324219,0.0018269347492605,-1.1623448133468628,69.64293670654297,0.0019672012422233,0.17,0.214,64,66,None,1.0,reach_back,0.956,neutral,0.869,surprise,0.82,2026-02-10 16:43:05.061130,2026-02-10 16:43:08.824971,20355,20410,416.5143803544343,418.4393803626299,window_1,3.763841,65.0,0.192,distraction_window,91,0,0.0
participant_01,1,day,Town10HD,19.949825286865234,69.82030487060547,0.0021047974005341,24.211181640625,69.70703125,0.0018978881416842,0.252,0.253,68,68,None,1.0,reach_back,0.835,neutral,0.916,fear,1.0,2026-02-10 16:43:14.318421,2026-02-10 16:43:15.901276,20492,20517,421.3093803748488,422.1843803785741,window_2,1.582855,68.0,0.2525,distraction_window,92,0,0.0
participant_01,1,day,Town10HD,76.06349182128906,24.809791564941406,0.0018695067847147,79.09423828125,24.83187866210937,0.0018562697805464,0.391,0.402,65,65,None,1.0,reach_back,0.886,happy,0.741,sad,0.812,2026-02-10 16:43:38.421741,2026-02-10 16:43:40.410750,20861,20893,434.2243804298341,435.3443804346025,window_1,1.989009,65.0,0.3965,distraction_window,93,0,0.0
participant_01,1,day,Town10HD,79.27178192138672,24.832393646240234,0.0017189406789839,79.27178192138672,24.832393646240234,0.0017189406789839,0.431,0.429,67,67,None,1.0,reach_back,1.0,neutral,0.974,neutral,0.877,2026-02-10 16:43:45.871464,2026-02-10 16:43:47.385685,20981,21007,438.4243804477155,439.3343804515898,window_2,1.514221,67.0,0.43,distraction_window,94,0,0.0
participant_01,1,day,Town10HD,106.63487243652344,-5.460114479064941,0.0015058517456054,106.71292877197266,-19.048498153686523,0.0018281554803252,0.073,0.066,66,65,None,1.0,reach_back,0.926,happy,0.878,fear,0.591,2026-02-10 16:44:11.039020,2026-02-10 16:44:12.985898,21390,21423,452.73938050866127,453.89438051357865,window_1,1.946878,65.5,0.0695,distraction_window,95,0,0.0
participant_01,1,day,Town10HD,87.65253448486328,-59.90623092651367,0.0017547607421875,75.31297302246094,-65.30078887939453,0.001897201524116,0.072,0.068,64,67,None,1.0,None,1.0,neutral,0.88,sad,1.0,2026-02-10 16:44:19.861587,2026-02-10 16:44:21.730971,21533,21561,457.74438052996993,458.7243805341423,window_2,1.869384,65.5,0.07,distraction_window,96,0,0.0
participant_01,1,day,Town10HD,-36.10763168334961,-68.46709442138672,0.001495361328125,-53.76106643676758,-68.53730773925781,0.0018128585070371,0.048,0.053,66,67,None,1.0,reach_back,0.913,neutral,0.932,fear,0.879,2026-02-10 16:44:46.978366,2026-02-10 16:44:49.420078,21968,22008,472.96938059479,474.3693806007505,window_1,2.441712,66.5,0.0505,distraction_window,97,0,0.0
participant_01,1,day,Town10HD,-91.36251831054688,-60.09196090698242,0.00184612267185,-101.40264129638672,-51.80101776123047,0.0018304443219676,0.064,0.109,67,66,sing,0.843,reach_back,1.0,neutral,0.737,sad,0.91,2026-02-10 16:44:54.454605,2026-02-10 16:44:56.284949,22092,22120,477.3093806132674,478.28938061743975,window_2,1.830344,66.5,0.0865,distraction_window,98,0,0.0
participant_01,1,day,Town10HD,-110.26508331298828,-6.573171615600586,0.0017189788632094,-110.26508331298828,-6.573171615600586,0.0017189788632094,0.654,0.671,65,66,sing,0.641,reach_back,0.943,neutral,0.929,fear,0.78,2026-02-10 16:45:19.530948,2026-02-10 16:45:21.611343,22474,22506,490.67938067018986,491.79938067495823,window_1,2.080395,65.5,0.6625000000000001,distraction_window,99,0,0.0
participant_01,1,day,Town10HD,-110.34954833984376,-3.512516021728516,0.0016329193022102,-110.62998962402344,2.4325101375579834,0.0015935515984892,0.64,0.637,68,71,None,1.0,reach_back,0.927,neutral,0.698,neutral,0.763,2026-02-10 16:45:28.855267,2026-02-10 16:45:30.530970,22622,22646,495.8593806922436,496.6993806958199,window_2,1.675703,69.5,0.6385000000000001,distraction_window,100,0,0.0
participant_01,1,day,Town10HD,-16.261186599731445,28.159025192260746,0.0017812347505241,1.8256940841674805,27.68703842163086,0.0019792173989117,0.384,0.361,67,65,None,1.0,reach_back,0.955,neutral,0.939,surprise,0.571,2026-02-10 16:45:48.160287,2026-02-10 16:45:50.512241,22905,22943,505.76438073441386,507.0943807400763,window_1,2.351954,66.0,0.3725,distraction_window,101,0,0.0
participant_01,1,day,Town10HD,41.16272735595703,53.7104377746582,0.0023275373969227,41.16282653808594,53.7111701965332,0.0017260360764339,0.305,0.296,74,77,None,1.0,reach_back,0.962,happy,0.731,sad,0.986,2026-02-10 16:46:03.462378,2026-02-10 16:46:05.162720,23144,23169,514.1293807700276,515.0043807737529,window_2,1.700342,75.5,0.3005,distraction_window,102,0,0.0
participant_01,1,day,Town10HD,97.97767639160156,80.50949096679688,0.0017436980269849,99.42122650146484,94.7677230834961,0.0018532180693,0.234,0.24,66,65,None,1.0,reach_back,0.954,neutral,0.773,fear,0.508,2026-02-10 16:46:21.489742,2026-02-10 16:46:23.719785,23432,23469,524.209380812943,525.5043808184564,window_1,2.230043,65.5,0.237,distraction_window,103,0,0.0
participant_01,1,day,Town10HD,54.37386703491211,131.4090118408203,0.0018308258149772,42.782470703125,132.01048278808594,0.0018064880277961,0.297,0.324,69,69,None,1.0,reach_back,1.0,neutral,0.92,fear,0.762,2026-02-10 16:46:33.991120,2026-02-10 16:46:35.670537,23635,23659,531.3143808431923,532.1543808467686,window_2,1.679417,69.0,0.3105,distraction_window,104,0,0.0
participant_01,1,day,Town10HD,-42.11067199707031,85.73719787597656,0.001878967275843,-40.54890441894531,73.8010025024414,0.0020119093824177,0.26,0.239,66,66,None,1.0,reach_back,0.939,happy,0.702,angry,0.551,2026-02-10 16:46:54.026279,2026-02-10 16:46:56.219034,23941,23975,542.0243808887899,543.2143808938563,window_1,2.192755,66.0,0.2495,distraction_window,105,0,0.0
participant_01,1,day,Town10HD,17.88395118713379,69.51933288574219,0.0018422317225486,20.70034408569336,69.53350067138672,0.0018547821091488,0.051,0.016,71,70,None,1.0,reach_back,1.0,happy,0.771,sad,0.992,2026-02-10 16:47:09.288091,2026-02-10 16:47:11.025214,24177,24204,550.2843809239566,551.22938092798,window_2,1.737123,70.5,0.0335,distraction_window,106,0,0.0
participant_01,1,day,Town10HD,46.48658752441406,33.5090217590332,0.0017292404081672,52.59612274169922,27.71582794189453,0.0018006896134465,0.007,0.016,63,64,None,1.0,reach_back,0.979,sad,0.568,neutral,0.974,2026-02-10 16:47:28.029350,2026-02-10 16:47:30.596801,24469,24508,560.504380967468,561.8693809732795,window_1,2.567451,63.5,0.0115,distraction_window,107,0,0.0
participant_01,1,day,Town10HD,63.30794143676758,25.091760635375977,0.0017190932994708,63.30794143676758,25.091760635375977,0.0017190932994708,0.0,0.0,75,75,None,1.0,reach_back,0.953,happy,0.915,fear,0.668,2026-02-10 16:47:42.854124,2026-02-10 16:47:44.525457,24701,24728,568.6243810020387,569.569381006062,window_2,1.671333,75.0,0.0,distraction_window,108,0,0.0
participant_01,1,day,Town10HD,98.16259765625,23.64340209960937,0.0054716109298169,104.2269515991211,16.805442810058594,0.0020761871710419,0.321,0.406,77,74,None,1.0,reach_back,1.0,neutral,0.764,sad,0.937,2026-02-10 16:48:03.117348,2026-02-10 16:48:05.116370,25043,25075,580.5943810530007,581.7143810577691,window_1,1.999022,75.5,0.36350000000000005,distraction_window,109,0,0.0
participant_01,1,day,Town10HD,110.07568359375,-5.279327392578125,0.0015142821939662,110.17061614990234,-15.491470336914062,0.0017815016908571,0.462,0.456,66,66,None,1.0,None,1.0,neutral,0.918,sad,0.616,2026-02-10 16:48:12.946795,2026-02-10 16:48:14.581152,25206,25233,586.2993810772896,587.2443810813129,window_2,1.634357,66.0,0.459,distraction_window,110,0,0.0
participant_01,1,day,Town10HD,27.979738235473636,-67.53469848632812,0.0019127273699268,16.986602783203125,-67.45216369628906,0.0021018600091338,0.37,0.391,62,62,None,1.0,reach_back,1.0,neutral,0.819,surprise,0.903,2026-02-10 16:48:34.476923,2026-02-10 16:48:36.468277,25562,25594,598.7593811303377,599.8793811351061,window_1,1.991354,62.0,0.3805,distraction_window,111,0,0.0
participant_01,1,day,Town10HD,-6.239036560058594,-68.0714111328125,0.0020960997790098,-14.784022331237791,-67.99856567382812,0.0019247054588049,0.425,0.409,63,65,None,1.0,reach_back,0.921,neutral,0.808,angry,0.503,2026-02-10 16:48:41.656690,2026-02-10 16:48:44.387588,25677,25719,602.784381147474,604.2543811537325,window_2,2.730898,64.0,0.417,distraction_window,112,0,0.0
participant_01,1,day,Town10HD,-20.160133361816406,-68.04720306396484,0.0014008331345394,-25.41907501220703,-68.14946746826172,0.0018078231951221,0.329,0.312,61,62,None,1.0,reach_back,0.98,happy,0.937,fear,0.918,2026-02-10 16:49:10.293505,2026-02-10 16:49:12.938775,26155,26200,619.5143812187016,621.0893812254071,window_1,2.64527,61.5,0.3205,distraction_window,113,0,0.0
participant_01,1,day,Town10HD,-50.06775665283203,-67.95828247070312,0.0016156767960637,-63.2412223815918,-68.45117950439453,0.0018689727876335,0.302,0.287,61,65,None,1.0,reach_back,1.0,happy,0.677,sad,0.995,2026-02-10 16:49:19.118870,2026-02-10 16:49:20.787211,26303,26332,624.6943812407553,625.7093812450767,window_2,1.668341,63.0,0.2945,distraction_window,114,0,0.0
participant_02,1,day,Town10HD,19.60855865478516,69.83818054199219,0.0018098067957907,22.29172706604004,69.88764190673828,0.0017192077357321,,,74,72,None,1.0,reach_back,1.0,neutral,0.728,neutral,0.933,2026-02-11 11:50:30.820064,2026-02-11 11:50:37.869656,32364,32456,76.8477101996541,80.06771021336317,window_2,7.049592,73.0,,distraction_window,115,0,0.0
participant_02,1,day,Town10HD,25.561744689941406,69.97766876220703,0.0016145706176757,32.03937911987305,69.52590942382812,0.0017526245210319,,0.641,78,81,None,1.0,reach_back,1.0,neutral,0.844,neutral,0.545,2026-02-11 11:50:43.125240,2026-02-11 11:50:46.275469,32522,32565,82.37771022319794,83.88271022960544,window_1,3.150229,79.5,0.641,distraction_window,116,1,19.046234416609078
participant_02,1,day,Town10HD,45.20466995239258,53.60489273071289,0.0018045043107122,44.86077117919922,46.3362922668457,0.0017852401360869,0.641,0.641,79,75,None,1.0,None,1.0,neutral,0.765,sad,0.994,2026-02-11 11:51:03.204335,2026-02-11 11:51:08.932282,32800,32877,92.10771026462317,94.80271027609706,window_2,5.727947,77.0,0.641,distraction_window,117,0,0.0
participant_02,1,day,Town10HD,44.91520309448242,43.53379440307617,0.0017138671828433,44.92669677734375,41.9706916809082,0.0017377471085637,0.641,0.641,80,84,None,1.0,reach_back,1.0,neutral,0.781,neutral,0.972,2026-02-11 11:51:14.125697,2026-02-11 11:51:18.084025,32950,33007,97.3577102869749,99.35271029546855,window_1,3.958328,82.0,0.641,distraction_window,118,0,0.0
participant_02,1,day,Town10HD,77.42520904541016,24.70105361938477,0.0017194366082549,77.42515563964844,24.70105361938477,0.0017191314836964,0.641,0.641,77,78,None,1.0,reach_back,1.0,happy,0.824,sad,0.994,2026-02-11 11:51:41.104938,2026-02-11 11:51:43.296799,33341,33375,111.04271034523843,112.23271035030484,window_2,2.191861,77.5,0.641,distraction_window,119,0,0.0
participant_02,1,day,Town10HD,77.4257583618164,24.70105361938477,0.0017190932994708,77.42597198486328,24.70105361938477,0.0017189406789839,0.641,1.0,79,89,None,1.0,reach_back,1.0,happy,0.872,fear,0.432,2026-02-11 11:51:48.608587,2026-02-11 11:51:53.010537,33454,33520,114.99771036207676,117.30771037191153,window_1,4.40195,84.0,0.8205,distraction_window,120,0,0.0
participant_02,1,day,Town10HD,108.85163116455078,-30.66250228881836,0.001817932119593,98.25076293945312,-53.85617065429688,0.001927375793457,1.0,1.0,76,78,None,1.0,reach_back,1.0,happy,0.927,sad,1.0,2026-02-11 11:52:15.287089,2026-02-11 11:52:19.040737,33852,33905,128.92771042138338,130.782710429281,window_2,3.753648,77.0,1.0,distraction_window,121,1,15.984450326722165
participant_02,1,day,Town10HD,73.39998626708984,-66.42699432373047,0.0017004393739625,55.51202392578125,-67.10442352294922,0.0021654509473592,1.0,1.0,79,80,None,1.0,None,1.0,happy,0.876,neutral,0.742,2026-02-11 11:52:24.239154,2026-02-11 11:52:27.468196,33975,34015,133.2327104397118,134.63271044567227,window_1,3.229042,79.5,1.0,distraction_window,122,0,0.0
participant_02,1,day,Town10HD,13.235998153686523,-67.59107208251953,0.0017193984240293,13.235936164855955,-67.59107208251953,0.0017193221719935,1.0,1.0,81,81,None,1.0,reach_back,1.0,happy,0.667,sad,1.0,2026-02-11 11:52:47.851952,2026-02-11 11:52:49.505610,34304,34329,144.74771048873663,145.62271049246192,window_2,1.653658,81.0,1.0,distraction_window,123,0,0.0
participant_02,1,day,Town10HD,13.235650062561035,-67.59107208251953,0.0017189406789839,13.235483169555664,-67.59107208251953,0.0017192459199577,1.0,1.0,78,77,None,1.0,reach_back,1.0,neutral,0.777,neutral,0.864,2026-02-11 11:52:55.125771,2026-02-11 11:52:57.687389,34410,34447,148.45771050453186,149.7527105100453,window_1,2.561618,77.5,1.0,distraction_window,124,0,0.0
participant_02,1,day,Town10HD,4.847176551818848,-68.14299011230469,0.0017198561690747,4.8470458984375,-68.14299011230469,0.0017193984240293,0.513,0.298,69,72,None,1.0,reach_back,1.0,neutral,0.758,happy,0.856,2026-02-11 11:53:19.107581,2026-02-11 11:53:21.791547,34751,34789,160.39271055534482,161.72271056100726,window_2,2.683966,70.5,0.40549999999999997,distraction_window,125,0,0.0
participant_02,1,day,Town10HD,4.846215724945068,-68.14302825927734,0.0017204665346071,2.5348849296569824,-68.29082489013672,0.0014011382590979,0.662,1.0,80,79,None,1.0,reach_back,1.0,neutral,0.755,neutral,0.941,2026-02-11 11:53:27.046639,2026-02-11 11:53:30.046044,34866,34908,164.41771057248116,165.88771057873964,window_1,2.999405,79.5,0.831,distraction_window,126,0,0.0
participant_02,1,day,Town10HD,-7.315177917480469,-69.09725952148438,0.0017183684976771,-7.315290451049805,-69.09725952148438,0.0017188644269481,1.0,0.729,72,69,None,1.0,None,1.0,happy,0.778,sad,0.878,2026-02-11 11:53:55.657405,2026-02-11 11:53:59.837980,35293,35358,179.3627106361091,181.63771064579487,window_2,4.180575,70.5,0.8645,distraction_window,127,1,14.352092714518934
participant_02,1,day,Town10HD,-7.3308563232421875,-69.09789276123047,0.0015658187912777,-11.480741500854492,-68.68158721923828,0.0019038008758798,0.244,0.5,71,76,None,1.0,reach_back,1.0,neutral,0.934,neutral,0.955,2026-02-11 11:54:05.169097,2026-02-11 11:54:09.652806,35436,35501,184.36771065741777,186.64271066710356,window_1,4.483709,73.5,0.372,distraction_window,128,2,26.76355668933912
participant_02,1,day,Town10HD,-11.483903884887695,-68.68141174316406,0.0017193603562191,-11.483930587768556,-68.68141174316406,0.0017188262427225,1.0,1.0,84,83,None,1.0,reach_back,1.0,happy,0.736,neutral,0.622,2026-02-11 11:54:27.130554,2026-02-11 11:54:29.420561,35760,35795,195.70771070569756,196.93271071091291,window_2,2.290007,83.5,1.0,distraction_window,129,0,0.0
participant_02,1,day,Town10HD,-41.38474655151367,-68.80460357666016,0.0019634626805782,-73.8265380859375,-69.27191925048828,0.0020283507183194,0.608,0.594,73,71,sing,0.883,reach_back,1.0,neutral,0.869,fear,0.379,2026-02-11 11:54:43.334216,2026-02-11 11:54:50.067717,36002,36103,204.17771074175835,207.7127107568085,window_1,6.733501,72.0,0.601,distraction_window,130,2,17.82133840924654
participant_02,1,day,Town10HD,-110.51752471923828,-31.50326538085937,0.0021798706147819,-110.40681457519533,-19.551137924194336,0.001772460876964,0.986,1.0,80,82,None,1.0,reach_back,1.0,happy,0.956,neutral,0.973,2026-02-11 11:55:00.794990,2026-02-11 11:55:05.619361,36259,36325,213.17271078005436,215.4827107898891,window_2,4.824371,81.0,0.993,distraction_window,131,1,12.436854462478113
participant_02,1,day,Town10HD,-110.334228515625,-17.415714263916016,0.0017399215139448,-110.2926254272461,-16.4588565826416,0.0017412184970453,1.0,1.0,80,80,None,1.0,None,1.0,happy,0.862,fear,0.54,2026-02-11 11:55:18.627983,2026-02-11 11:55:20.922350,36509,36542,221.92271081730723,223.07771082222465,window_1,2.294367,80.0,1.0,distraction_window,132,0,0.0
participant_02,1,day,Town10HD,-73.07598876953125,29.42064476013184,0.0014810180291533,-55.12407684326172,28.180965423583984,0.0017923736013472,1.0,1.0,81,80,sing,0.693,reach_back,1.0,sad,0.812,sad,1.0,2026-02-11 11:55:35.977101,2026-02-11 11:55:38.771628,36748,36785,230.287710852921,231.58271085843444,window_2,2.794527,80.5,1.0,distraction_window,133,0,0.0
participant_02,1,day,Town10HD,23.507057189941406,25.561384201049805,0.001692428602837,43.308387756347656,69.5723876953125,0.0024911498185247,0.783,0.675,71,73,None,1.0,reach_back,1.0,happy,0.634,happy,0.709,2026-02-11 11:55:50.554896,2026-02-11 11:55:59.291577,36946,37071,237.2177108824253,241.59271090105176,window_1,8.736681,72.0,0.7290000000000001,distraction_window,134,0,0.0
participant_02,1,day,Town10HD,78.94236755371094,70.96633911132812,0.0015736770583316,97.78965759277344,95.20340728759766,0.0020221709273755,0.77,1.0,76,92,None,1.0,reach_back,1.0,happy,0.772,neutral,0.972,2026-02-11 11:56:05.974423,2026-02-11 11:56:14.390516,37170,37295,245.0577109158039,249.4327109344304,window_2,8.416093,84.0,0.885,distraction_window,135,2,14.25839757236523
participant_02,1,day,Town10HD,16.42197036743164,132.73165893554688,0.0020273588597774,-7.673033237457275,132.4510955810547,0.0020018005743622,1.0,1.0,78,78,None,1.0,reach_back,1.0,happy,0.837,neutral,0.925,2026-02-11 11:56:32.518006,2026-02-11 11:56:36.223183,37559,37612,258.6727109737694,260.52771098166704,window_1,3.705177,78.0,1.0,distraction_window,136,0,0.0
participant_02,1,day,Town10HD,-22.88283348083496,131.80709838867188,0.0017398070776835,-22.883625030517575,131.80709838867188,0.0017195510445162,1.0,1.0,81,79,None,1.0,None,1.0,neutral,0.698,happy,0.779,2026-02-11 11:56:41.588244,2026-02-11 11:56:43.739360,37689,37720,263.22271099314094,264.3077109977603,window_2,2.151116,80.0,1.0,distraction_window,137,0,0.0
